sedalea,sedaleaname,stateabb,cs_mn_avg_eb,mean_sentiment,post_count,std_sentiment
100013,Trussville City,AL,0.4231948445756701,-0.29255473897570655,42,0.4892551717526486
100100,Arab City,AL,0.2467389546951276,-0.09752850338470104,43,0.42141483288118886
100120,Athens City,AL,-0.2530488643400333,-0.09846151519466091,37,0.36920133588186393
100900,Coosa County,AL,-0.5837923488007664,-0.5361162495613098,25,0.32263059330098287
102850,Roanoke City,AL,-0.5667099299926188,-0.22683486768177577,42,0.49001893185482986
500082,Lawrence County School District,AR,-0.3596850390053391,-0.21864289045333862,37,0.3976530760505972
504740,County Line School District,AR,0.1837350643865383,-0.18139471389629222,27,0.31753616584064054
506060,Camden Fairview School District,AR,-0.7355733930612891,-0.2641472039015397,46,0.5010585098559831
508640,Lakeside School Dist(Chicot),AR,-0.7520351850281148,0.046593402707299524,43,0.3707546010580655
511610,Pocahontas School District,AR,-0.3301138967022091,-0.19707452297210692,25,0.45552068006177665
513530,Vilonia School District,AR,-0.0022414818022215,-0.19707452297210692,25,0.45552068006177665
600026,El Tejon Unified,CA,-0.4605593739073527,-0.3275758385658264,25,0.4336926316248017
600028,Temecula Valley Unified,CA,0.1266683874866826,-0.2909499596465718,44,0.3894264859488747
600062,Oakdale Joint Unified,CA,-0.1258519378722296,-0.2771574582742608,46,0.3590842272563649
600065,Dinuba Unified,CA,-0.3220307076805112,-0.4578227400779724,25,0.3693037605428636
600069,Valley Center-Pauma Unified,CA,-0.5451929605149641,-0.27888920545578005,25,0.43137018934973886
601423,Exeter Unified,CA,-0.3645476229912472,-0.45751051902770995,25,0.3692526023073181
601442,Upper Lake Unified,CA,-0.6254370930522465,-0.31409536719322206,25,0.4035244970517022
604740,Berkeley Unified,CA,0.3481120105149835,-0.11717949151992797,25,0.43007065972592073
606960,Caliente Union Elementary,CA,-0.5334388814046043,0.027452548344930012,30,0.33789334586597375
608610,Chula Vista Elementary,CA,0.0626128491375198,-0.074662109836936,32,0.4392423143005289
608970,Cloverdale Unified,CA,-0.464187784015899,-0.4578227400779724,25,0.36930376054286357
610890,Delano Union Elementary,CA,-0.3537058005189726,-0.32816795468330384,25,0.3896329090700691
613290,Fairfax Elementary,CA,-0.6372198876951606,-0.10962456226348877,25,0.44246940146408203
614070,Fort Bragg Unified,CA,-0.3581935084331525,-0.18857462882995604,25,0.4442032485561399
617190,Hillsborough City Elementary,CA,0.959961611604208,-0.35080700159072875,25,0.5133445581948731
618990,John Swett Unified,CA,-0.6044575950183613,-0.21288619041442872,25,0.4536136206518634
619590,Kernville Union Elementary,CA,-0.629966161743284,-0.36389326333999633,25,0.3741678557886087
619890,Kit Carson Union Elementary,CA,-0.5552026286780865,-0.3615605974197388,25,0.37235717037032573
623550,Manchester Union Elementary,CA,-0.5040336732178051,0.09706133604049683,25,0.43590875710778004
624000,Mark West Union Elementary,CA,0.0269251383994572,-0.08193719625473023,25,0.46367946781048935
624090,Marysville Joint Unified,CA,-0.4716478139808734,-0.2181340828537941,48,0.3997589998408457
624480,Mendocino Unified,CA,-0.0446810052980244,-0.40665198802948,25,0.3780614871708131
627780,Nuview Union,CA,-0.3548945366115464,-0.33543641567230226,25,0.49652762741003453
628710,Orcutt Union Elementary,CA,-0.0856222550788772,-0.36389326333999633,25,0.3741678557886087
631170,Plumas Unified,CA,-0.3123598345126892,-0.4882648970399584,14,0.3886467954310179
631470,Portola Valley Elementary,CA,1.073523911038772,-0.29316320896148684,25,0.5571720345328708
632310,Rescue Union Elementary,CA,0.4367678668599765,0.04037191152572632,25,0.5610977025863962
633840,Sacramento City Unified,CA,-0.3777166665013204,-0.11171832121908665,32,0.5144355399832219
635700,Santa Monica-Malibu Unified,CA,0.5068308509597078,-0.3141613942246104,43,0.35292279197785703
636800,Sierra Sands Unified,CA,-0.2741732735974337,-0.38182552337646486,25,0.3583663762758603
637230,Sonora Elementary,CA,-0.0312680244593518,-0.06919876847948347,35,0.445710674346418
637770,Springville Union Elementary,CA,-0.0879556775916558,-0.36389326333999633,25,0.3741678557886087
642540,Williams Unified,CA,-0.8269535067441606,0.0015665360859462192,35,0.4229426210558308
900660,Canterbury School District,CT,0.0694969457054139,-0.13425588846206665,25,0.4131544421346941
900840,Colchester School District,CT,0.4978309345629143,-0.10632429189152187,36,0.3647089137930294
901500,Essex School District,CT,0.7138337016516311,0.0,42,0.0
1200330,Collier,FL,0.1815523149354945,0.10648690164089203,36,0.534746049262774
1201410,Okeechobee,FL,-0.0971734543560313,-0.14905403974728706,39,0.36155992276431487
1301140,Chickamauga City,GA,0.3125048531805173,-0.2886888551157574,43,0.5132211364450067
1301470,Cook County,GA,-0.3599629231835105,-0.06624584913253784,25,0.5004577979422562
1303150,Jones County,GA,-0.0940173139000736,-0.020375214517116547,24,0.40620724579719375
1601140,Fruitland District,ID,-0.0249846104842369,-0.33049801879740776,47,0.4754013811229212
1602550,Parma District,ID,0.0768993106457515,-0.34621138712193106,47,0.4764440926585373
1603030,South Lemhi District,ID,0.0974706555252413,-0.36496098688308226,47,0.47981618693370137
1700065,Saunemin CCSD 438,IL,0.0298468133748803,-0.14278408885002136,42,0.4564661791804613
1700102,Brussels CUSD 42,IL,0.2307058935383851,-0.25408389880543664,42,0.5257306782110888
1703990,Argenta-Oreana CUSD 1,IL,-0.1800464643046448,-0.2899637520313263,45,0.5373321845251647
1712060,Delavan CUSD 703,IL,0.0926618709650009,-0.21002630698375213,39,0.4716041263159206
1713240,East Peoria SD 86,IL,-0.0839154911100831,-0.24162263032935916,42,0.5346302645739345
1713500,Edwards County CUSD 1,IL,0.186905474028539,-0.0267249625556323,49,0.132549858295263
1715780,Franklin Park SD 84,IL,0.3383363053767728,-0.09454696759199485,39,0.45165482651764843
1718510,Havana CUSD 126,IL,0.0353627919218453,-0.22209913283586502,40,0.48242146049214724
1721750,Lake Forest SD 67,IL,0.8166278526997574,-0.10209302604198456,36,0.5419600543232693
1724480,Kaneland CUSD 302,IL,0.0835631330137958,-0.2602409255213854,41,0.4714137217174349
1726250,Miller Twp CCSD 210,IL,0.0751778708419897,-0.31499989612682444,37,0.4838451896277924
1727610,Murphysboro CUSD 186,IL,-0.4377660977085175,-0.2543951303530962,39,0.49017173516949203
1736750,South Holland SD 151,IL,-0.5739174662882663,-0.2933302743490352,43,0.5359077967517447
1740680,North Wamac SD 186,IL,-0.0793038929725174,-0.166131499336987,41,0.42818148460419725
1741550,West Chicago ESD 33,IL,-0.4917299887707034,-0.13156246437745936,34,0.4297441387142036
1742210,Wheeling CCSD 21,IL,-0.1806016737607658,-0.21973942858832224,42,0.5180280659202863
1800900,Bremen Public Schools,IN,0.1582812439164056,-0.27201648950576784,25,0.34739832191010456
1806570,Michigan City Area Schools,IN,-0.1090804979046895,-0.10666252613067627,25,0.5437462936801308
1809060,Plymouth Community School Corporation,IN,0.1007649596189224,-0.34676591396331785,25,0.4054879211912507
1809180,Porter Township School Corporation,IN,0.0762383795254185,-0.3044823908805847,25,0.4747230720267912
1809720,Rossville Consolidated School District,IN,0.2503649742281076,-0.18565585613250732,25,0.48778521771922273
1810450,South Montgomery Community School Corporation,IN,0.3017572415582385,-0.3449255347251892,25,0.530888463682989
1811580,Twin Lakes School Corporation,IN,0.175279704162578,-0.316562123298645,25,0.47931763226561036
1903270,Albia Community School District,IA,0.2136769351544498,-0.0643363356590271,40,0.3187786189992019
1906660,Center Point-Urbana Community School District,IA,0.3297850619860567,-0.4017697003754703,44,0.39701607345466616
1907410,Clarke Community School District,IA,-0.3621723887832886,0.0779803729057312,25,0.3120738433011699
1909480,Dubuque Community School District,IA,-0.0201248751392146,-0.023180037043815434,43,0.18536749689212145
1918720,Marshalltown Community School District,IA,-0.3862598028207965,-0.06276715674051424,41,0.31492898874884934
1919710,Moravia Community School District,IA,-0.1521076542987196,-0.07653434541490343,45,0.32414509714749334
1921840,Osage Community School District,IA,-0.1161788075973033,-0.09726141161388821,45,0.3480772621007126
1930720,West Bend-Mallard Community School District,IA,0.1731413669794239,-0.20542788251917413,47,0.44665654847919756
2000016,Marysville,KS,-0.069509071239759,-0.1752663230895996,25,0.44962360852799027
2005820,Ellinwood Public Schools,KS,-0.1219046632017337,-0.24159717082977294,25,0.3359510353019223
2006180,Fort Scott,KS,-0.2453450080310723,-0.3193154549598694,25,0.5305399287978214
2007020,Hays,KS,0.1915745931553812,-0.13270487872565664,41,0.48903590172289907
2009390,McPherson,KS,-0.1285388172126714,-0.2214057771932511,42,0.4312560522048033
2009780,Moundridge,KS,0.0206436528632209,-0.13644955158233643,25,0.5039875178373369
2009840,Mulvane,KS,0.0931017709870221,-0.13644955158233643,25,0.5039875178373369
2011640,Shawnee Mission Pub Schools,KS,0.3052866330267489,-0.3524072766304016,25,0.4068027002179134
2011880,St Francis Comm Schools,KS,0.2185898307343705,-0.2535290551185608,25,0.4790386984708794
2012180,Shawnee Heights,KS,0.1093999198390815,-0.23221059979462041,41,0.43828300059261044
2100300,Barren County,KY,0.0672480982408016,-0.07944958925247192,25,0.3312440033148513
2101050,Casey County,KY,0.156930295589665,-0.10827928304672241,25,0.3545835311566198
2101230,Clay County,KY,0.0873302326908068,-0.13388697147369386,25,0.36925153184041504
2101800,Fairview Independent,KY,-0.5289992201355291,-0.17947298288345337,25,0.4218895614556692
2104380,Murray Independent,KY,0.6415261688315627,-0.03826395988464355,25,0.37393309208307324
2105460,Southgate Independent,KY,-0.0945969462882336,-0.17947298288345337,25,0.4218895614556692
2200240,City of Bogalusa School District,LA,-0.9385567325815138,-0.3448054242778469,37,0.46923591048631047
2200780,Jackson Parish,LA,-0.5989782949320994,0.016445093154907227,25,0.5758224112143974
2300062,East Machias Public Schools,ME,-0.4072382526619517,-0.4192381656688193,46,0.4028005516681283
2307140,Kittery Public Schools,ME,0.2423230352900636,-0.24159717082977294,25,0.3359510353019223
2311370,RSU 35/MSAD 35,ME,0.4073300261650047,-0.1708037399727365,46,0.5694231189904805
2312960,Tremont Public Schools,ME,0.2056505982901698,-0.24159717082977294,25,0.3359510353019223
2314761,RSU 68/MSAD 68,ME,-0.1513896981186179,-0.008156449794769286,25,0.5120670890159414
2508730,North Attleborough,MA,0.3940701310348263,-0.32510260343551634,25,0.5600049704564157
2508940,Northbridge,MA,0.1005400713847522,-0.15978814363479615,25,0.5296994805448417
2509090,Edgartown,MA,0.2350384192581541,-0.16622807025909425,25,0.5582715183982639
2511970,Walpole,MA,0.6498894051096519,-0.22454894156683058,42,0.46888190062888807
2604620,Bellaire Public Schools,MI,0.0126475997800728,-0.24159717082977294,25,0.3359510353019223
2615060,Freeland Community School District,MI,0.3616751348723814,-0.15836236238479615,25,0.5234220402071317
2617880,Hartford Public Schools,MI,-0.5508249903382485,-0.24159717082977294,25,0.3359510353019223
2620610,Lake City Area School District,MI,-0.2213834682810695,0.06259474429217252,44,0.529265570759298
2627660,Paw Paw Public School District,MI,0.0193882089016737,-0.3080298055049985,43,0.42494316485878364
2636270,Whiteford Agricultural School District,MI,0.2880245056253702,-0.28232953548431394,25,0.3943056820565446
2702640,Lester Prairie Public School District,MN,0.0348921248634746,-0.4195135705014493,47,0.39694207470574383
2702720,Southland Public School District,MN,-0.0207724193378661,-0.4156607532501221,25,0.46670787782008794
2707470,Canby Public School District,MN,0.3591963219488941,-0.4156607532501221,25,0.46670787782008794
2707590,Carlton Public School District,MN,0.069477808219701,-0.4156607532501221,25,0.46670787782008794
2709510,Columbia Heights Public School District,MN,-0.5795658793817524,-0.3381464162538218,43,0.4190215862773482
2709750,Crosby-Ironton Public School District,MN,0.0311213559816423,-0.4156607532501221,25,0.46670787782008794
2718360,Lyle Public School District,MN,-0.4714926351564583,-0.4156607532501221,25,0.46670787782008794
2718960,Martin County West School District,MN,0.0650085499297802,-0.20059230497905187,42,0.4383955770456976
2725050,Onamia Public School District,MN,-0.6052773883837761,-0.4156607532501221,25,0.46670787782008794
2728380,Pine City Public School District,MN,-0.0096139066911583,-0.29048398067784864,43,0.4536127833906175
2732550,Rush City Public School District,MN,0.2866680593819436,-0.3559193015098572,40,0.4426317602170869
2800187,Sunflower Cty Consolidated School District,MS,-0.4002224950777978,-0.2247527766227722,25,0.5245942930857903
2800930,Carroll County School District,MS,-0.4669837671472518,-0.23223328828811646,25,0.4357384544657019
2802280,Jones County School District,MS,0.0304880529117449,-0.1250903122127056,40,0.38460858562713723
2803090,Nettleton School District,MS,-0.1575400076134683,-0.256476891040802,25,0.47017795235189663
2803360,Ocean Springs School District,MS,0.3304953368390381,0.09629352647682717,29,0.4220360787640717
2905250,Bloomfield R-Xiv,MO,0.2706668463206477,-0.1544066536426544,25,0.5602072648491472
2908250,Center 58,MO,-0.3933105047494091,-0.006031453609466553,25,0.2195691104149975
2908320,Johnson County R-VII,MO,-0.1471193553610752,-0.2590921664237976,25,0.45638736593762547
2918330,Leesville R-IX,MO,-0.5227638559599807,-0.075272935628891,25,0.5260694412684083
2919380,Macks Creek R-V,MO,-0.1078602337702442,-0.15160480976104737,25,0.505850961494246
2923430,Ozark R-VI,MO,0.4541778947597374,0.01502280831336975,25,0.5573721334449747
2925410,Polo R-VII,MO,0.0647113272555351,-0.06892297387123109,25,0.5746879945996336
2926970,Cole County R-I,MO,0.2017221153354755,-0.30113123416900633,25,0.501144638883536
2927570,Savannah R-III,MO,0.168816412677211,-0.014060331583023071,25,0.4833200611789957
3000003,Cut Bank Elementary,MT,-0.228420397933639,-0.18111013538307613,36,0.4006876686115305
3000096,North Star Elementary,MT,0.1088532344745341,0.11830570947292239,43,0.3624204752738724
3020670,Pine Creek Elementary,MT,0.5720186751389373,-0.19980656623840332,25,0.40980987396284185
3020790,Pioneer Elementary,MT,-0.1104127392989002,0.20058963537216187,25,0.41792135484646925
3023370,Saco Elementary,MT,0.0015323997790101,-0.10673487663269043,25,0.5475883636235465
3023520,Savage Elementary,MT,-0.0043250761037583,0.11779829263687133,25,0.27887701820226063
3100010,Anselmo-Merna Public Schools,NE,0.2004780860059288,-0.24159717082977294,25,0.3359510353019223
3100097,Morrill Public Schools,NE,-0.1270554652284329,-0.24159717082977294,25,0.3359510353019223
3103060,Ansley Public Schools,NE,0.0588763667565191,-0.24159717082977294,25,0.3359510353019223
3171520,Hartington Newcastle Public Schools,NE,0.1092151808890612,-0.24159717082977294,25,0.3359510353019223
3173740,Millard Public Schools,NE,0.4226907441390591,-0.24159717082977294,25,0.3359510353019223
3174040,Mullen Public Schools,NE,0.4967565082768216,-0.24159717082977294,25,0.3359510353019223
3175510,Pierce Public Schools,NE,0.4256831363294254,-0.24159717082977294,25,0.3359510353019223
3200060,Clark County,NV,-0.1354778479530925,-0.1998436903953552,25,0.4072905506398048
3303540,Hampton Falls School District,NH,0.7297151293219376,-0.20885896115075975,42,0.45559120490087274
3304030,Jaffrey-Rindge Cooperative School District,NH,-0.0104053069564614,-0.10245906208690844,38,0.29547985040448027
3304040,Kearsarge Regional School District,NH,0.3525584448309981,-0.08253206729888916,25,0.37368564039853136
3404200,East Newark School District,NJ,-0.1072808810696301,0.11558168835756255,41,0.449827723561709
3404410,Eatontown Public School District,NJ,0.2931070107239564,-0.37891414642333987,25,0.46159110816468585
3404660,Elmwood Park School District,NJ,0.0939532039383894,-0.19814193844795228,25,0.49558270736585003
3404710,Emerson Public School District,NJ,0.4135798862568851,-0.3987370431423187,25,0.45523812305503697
3405520,Franklin Township School District,NJ,0.4547312480615266,-0.19420663237571717,25,0.462461868352515
3405880,Glassboro School District,NJ,-0.3174878906185357,-0.11198467850685119,25,0.48008236010631616
3407830,Jersey City Public Schools,NJ,-0.0203966175248184,-0.2486332583427429,25,0.34715244427723946
3407920,Kenilworth School District,NJ,-0.0826248743187402,-0.21358108758926392,25,0.4527037628922422
3409750,Matawan-Aberdeen Regional School District,NJ,0.4362724411102163,-0.11861482739448548,25,0.4233953005109457
3411310,New Providence School District,NJ,1.006792181242159,-0.1139689016342163,25,0.5306159716028995
3413470,Prospect Park Public School District,NJ,-0.4751378097783709,-0.21570922607599302,43,0.490053256669419
3414220,Roosevelt Borough Public School District,NJ,0.8801880274857484,-0.36632397382155707,46,0.4150041162897965
3415030,Somers Point School District,NJ,-0.3277336115145149,-0.21512915425830417,45,0.46051679823975894
3416200,Tinton Falls School District,NJ,0.4932881042005932,-0.13494887406175787,44,0.5702587132658125
3417520,West Milford Township Public School District,NJ,0.2499871307253836,-0.36653038263320925,40,0.42303103854511337
3418240,Woodland Township School District,NJ,-0.2609319694082951,-0.165432687997818,25,0.3889791004059765
3700530,Cabarrus County Schools,NC,0.1804708888680683,-0.33415891573979306,39,0.46775989651614697
3701140,Davidson County Schools,NC,0.1413592428701442,-0.16360460942791355,31,0.506515035317886
3704320,Stanly County Schools,NC,0.0121263080353344,-0.30230516791343687,40,0.5032113674006873
3805340,Drayton 19,ND,-0.0013576699941879,-0.15271754026412965,25,0.45183229820044335
3806930,Flasher 39,ND,0.2468520338805472,-0.20091353162475253,46,0.5176519562869737
3812720,Menoken 33,ND,0.5003057418117923,-0.22983352184295655,25,0.43026621145506483
3818500,Turtle Lake-Mercer 72,ND,0.0424992512194158,-0.26261966228485106,25,0.5424103058774657
3820190,Wishek 19,ND,0.1550766366536614,-0.15271754026412965,25,0.45183229820044335
3904371,Canton City,OH,-0.6703980042437464,-0.26679478883743285,25,0.37026268795378753
3904495,Vandalia-Butler City,OH,0.1547189043468775,-0.4107269477844238,25,0.49573572400015486
3904500,Warrensville Heights City,OH,-0.6131233583210027,-0.31269277225841174,44,0.47100643953272525
3904505,West Carrollton City,OH,-0.2938838636470913,-0.21963229098103262,44,0.5116410280927236
3904583,Mapleton Local,OH,-0.0854500878763784,-0.26113539934158325,25,0.5075579937528014
3904700,Reynoldsburg City,OH,-0.1756325854695681,-0.3426318383216858,25,0.48825039619002863
3904708,Pike-Delta-York Local,OH,0.427413257823771,-0.26113539934158325,25,0.5075579937528014
3904821,Ottawa Hills Local,OH,0.892267151198786,-0.02851117890456627,29,0.25314907265376346
3904837,Springfield Local,OH,0.4472040514560074,-0.17011406660079956,25,0.5548718522408348
3904847,Buckeye Local,OH,0.3302476529397939,-0.12432494163513183,25,0.522590111574251
3904859,Fort Recovery Local,OH,0.5753103220590873,-0.18464899063110352,25,0.48164079007531824
3904865,Switzerland of Ohio Local,OH,-0.216507945924692,-0.2630823001265526,40,0.5066162997657557
3904928,Preble Shawnee Local,OH,-0.1165476995349979,-0.265578453540802,25,0.4680955817423631
3905000,Manchester Local,OH,0.45207999619957,-0.1703040146827698,25,0.4153087534595076
3905009,Bloomfield-Mespo Local,OH,0.054133892677761,-0.26113539934158325,25,0.5075579937528014
3905019,Liberty Local,OH,-0.1240809048489692,-0.04228832006454468,25,0.4222016236841263
4002550,Agra,OK,-0.3572107493620452,-0.18512237590292227,46,0.5313753928676356
4014730,Hodgen,OK,-0.334566566900128,-0.20974725723266602,25,0.5884610896350168
4021510,Newcastle,OK,0.1013565191420816,-0.19585129552417332,45,0.4102410728673785
4021600,Ninnekah,OK,0.0473742410472201,-0.20974725723266602,25,0.5884610896350168
4024510,Pioneer-Pleasant Vale,OK,0.0541612034548413,-0.20974725723266602,25,0.5884610896350168
4028650,Stigler,OK,-0.0422758283037253,-0.20974725723266602,25,0.5884610896350168
4032640,White Rock,OK,-0.4730117888886678,-0.08903691616464168,47,0.5016314952389073
4100016,Yamhill Carlton SD 1,OR,0.10033779627043,0.1264869213104248,25,0.358285152610854
4110560,Riverdale SD 51J,OR,1.15003986815626,0.0,3,0.0
4202820,Avonworth SD,PA,0.574670527014654,-0.15490692377090454,25,0.5272061222801275
4203240,Bellefonte Area SD,PA,0.2521132498930614,-0.4190616774559021,25,0.46471458004684696
4203390,Benton Area SD,PA,0.1379391669491739,-0.4190616774559021,25,0.46471458004684696
4203510,Bethel Park SD,PA,0.6560001313451775,-0.09165405834975995,38,0.4341075101264881
4204920,Canton Area SD,PA,-0.0057057408270615,-0.4190616774559021,25,0.46471458004684696
4205700,Chartiers Valley SD,PA,0.2988126124288086,-0.31127845686535505,43,0.4746914170054879
4206240,Coatesville Area SD,PA,-0.4530926518113627,-0.4190616774559021,25,0.46471458004684696
4206660,Connellsville Area SD,PA,-0.212222374653105,-0.4190616774559021,25,0.46471458004684696
4208550,East Penn SD,PA,0.3299753412339672,-0.22050803899765015,25,0.4726059970610155
4209480,Exeter Township SD,PA,0.2262464828748912,-0.3316350984573364,25,0.48898672123550696
4212300,Jamestown Area SD,PA,0.012773076466288,-0.4190616774559021,25,0.46471458004684696
4212570,Johnsonburg Area SD,PA,0.1580900294165108,-0.4190616774559021,25,0.46471458004684696
4213020,Lake-Lehman SD,PA,0.0893316266174229,-0.15490692377090454,25,0.5272061222801275
4213320,Laurel Highlands SD,PA,-0.1465958856303732,-0.2348438024520874,25,0.4627417967371636
4213710,Ligonier Valley SD,PA,0.042640137579629,-0.31127845686535505,43,0.4746914170054879
4215240,Middletown Area SD,PA,-0.0830243525809423,-0.4190616774559021,25,0.46471458004684696
4215900,Morrisville Borough SD,PA,-0.3478349728924752,-0.29879811525344846,25,0.48219657722506315
4216860,New Hope-Solebury SD,PA,0.6808913198524144,-0.2859605330487956,46,0.5143496245032118
4217280,North Penn SD,PA,0.4165757588456282,-0.005925590991973877,25,0.49905831201835793
4221150,Yough SD,PA,0.1236487935383589,-0.15490692377090454,25,0.5272061222801275
4222170,South Eastern SD,PA,0.2486565902619032,0.017751938352982204,48,0.122989036640783
4222620,Springfield Township SD,PA,0.5180125529317343,-0.3505021584033966,25,0.48473888725168157
4222710,Saint Clair Area SD,PA,0.0523598956189812,-0.4221389079093933,25,0.39633496180176736
4225680,West Mifflin Area SD,PA,-0.0282938373483457,-0.26012598332904635,42,0.4454343755153338
4225950,Wyoming Valley West SD,PA,-0.2642393952043425,-0.18882040029917008,39,0.5486917154951649
4225980,West York Area SD,PA,-0.1015489100735741,-0.23674523103527906,41,0.507764821131375
4226390,William Penn SD,PA,-0.7186104506561432,-0.16557696055282245,44,0.5021019529441731
4400390,Foster,RI,-0.0792054948302209,-0.15534250505945899,44,0.4193714377659325
4636150,Iroquois School District 02-3,SD,-0.4001525538652689,-0.3974156081676483,25,0.4068003863686358
4700150,Millington Municipal Schools,TN,-0.2383142428650112,-0.35592294454574586,25,0.4100056760671986
4700152,Arlington,TN,0.6543734647967115,-0.07687167620117014,44,0.4694908671739303
4702070,Jackson County,TN,-0.2293146223929583,-0.12285353899002076,25,0.46087271769590804
4703480,Putnam County,TN,-0.0236402525678626,-0.38604835033416746,25,0.33317591967908883
4703600,Robertson County,TN,-0.173231776212547,-0.4683885931968689,25,0.31147412593054186
4810780,Boling ISD,TX,-0.2090591902377391,-0.2686576491747147,39,0.4731360406461972
4812180,Burleson ISD,TX,0.0008501457458377,-0.21733317504058014,37,0.45795202853971156
4817880,East Chambers ISD,TX,-0.0776313960881403,-0.2732454791665077,40,0.547531879639141
4817960,Eastland ISD,TX,-0.043710870047447,-0.284597852291205,39,0.4743173182645272
4819050,Fannindel ISD,TX,-0.44787770803466,-0.284597852291205,39,0.47431731826452717
4819500,Follett ISD,TX,0.0486130692319528,-0.284597852291205,39,0.47431731826452717
4820700,Gilmer ISD,TX,-0.2392817471623137,-0.284597852291205,39,0.4743173182645273
4822500,Harleton ISD,TX,0.1436596705813085,-0.2757275873108914,38,0.47739486650729374
4823040,Hermleigh ISD,TX,-0.4635306650234254,-0.284597852291205,39,0.47431731826452717
4823850,Hughes Springs ISD,TX,-0.1409064763266217,-0.38533484630095655,39,0.4955679657777088
4826100,La Grange ISD,TX,-0.0757439577266081,-0.3114616754578381,41,0.48554821510121693
4826220,Lapoynor ISD,TX,-0.198361389166594,-0.2686576491747147,39,0.4731360406461972
4828380,Lovejoy ISD,TX,0.9543844025805072,-0.284597852291205,39,0.47431731826452717
4829370,Matagorda ISD,TX,-0.4469668345642492,-0.2686576491747147,39,0.4731360406461972
4830030,Medina ISD,TX,-0.1778969594737417,-0.22954037861946303,39,0.46089636357476516
4832370,New Braunfels ISD,TX,0.1091934987572472,-0.31714936256408693,25,0.5304440309248579
4833240,Nueces Canyon CISD,TX,-0.1833284133413458,-0.3043399336861401,41,0.44133937243630783
4836240,Quinlan ISD,TX,-0.4367383321787771,-0.2757275873108914,38,0.47739486650729374
4836360,Rains ISD,TX,-0.1918001552997424,-0.2729768753051758,40,0.5074573679395753
4837740,Roma ISD,TX,0.0859309476107102,-0.2774829059839249,40,0.47035431103625885
4840110,Shiner ISD,TX,0.3301925324008783,-0.2686576491747147,39,0.4731360406461972
4845180,West Sabine ISD,TX,-0.2025810835045034,-0.4121003871740297,43,0.44262433174489146
4846530,Wylie ISD,TX,0.4837220267954126,-0.17815425428184303,37,0.47684493532606526
4846650,Yorktown ISD,TX,-0.3845621462396812,-0.2774829059839249,40,0.47035431103625885
4900060,Beaver District,UT,0.3928114508624624,-0.2944226634502411,25,0.49890891634468804
4900900,San Juan District,UT,-0.5210991549632541,-0.31919846415519715,25,0.41668264991251686
5302940,Franklin Pierce School District,WA,-0.3829754690392588,0.010413072109222411,25,0.5442173400515673
5304740,Manson School District,WA,-0.4800604835179632,-0.10352440595626831,25,0.4843818811839754
5307770,Selah School District,WA,-0.0635265786578304,-0.1577551263134654,41,0.44500869411316574
5308940,Tonasket School District,WA,-0.275565036249703,-0.18892337452797664,42,0.45666979281250203
5309330,Wahkiakum School District,WA,-0.0442077060723508,-0.17447567695663088,42,0.45270840199830376
5500990,Belleville School District,WI,0.2896036199989429,-0.19000371297200522,36,0.4876980504126463
5501110,Benton School District,WI,0.2930912943420182,-0.2490783807109384,34,0.4203389023019397
5501350,Bloomer School District,WI,0.052980204318799,-0.23326051575796944,35,0.46572946104340646
5503240,De Soto Area School District,WI,0.1680946120073354,-0.3995078578591347,40,0.40779492301533954
5504620,Lac du Flambeau #1 School District,WI,-0.5106634519392594,-0.29240268894604277,42,0.5067918867554139
5505250,Gillett School District,WI,0.48317606437892,-0.14453227269022087,38,0.5131323561249506
5507560,La Farge School District,WI,-0.2523965433410963,-0.29983689910487127,38,0.4641717850055831
5508190,Lodi School District,WI,0.1407803473639478,-0.16985439448743253,37,0.4955562839161122
5510500,New Glarus School District,WI,0.3518984173942495,-0.38699710845947266,25,0.44719184958889013
5511850,Platteville School District,WI,0.4425002178922497,-0.03806340513807355,33,0.5100550696262779
5514640,Sun Prairie Area School District,WI,0.1771436762216594,-0.14723787436614166,37,0.5073762478150728
5514940,Tomahawk School District,WI,0.0518410194566673,-0.18562698207403483,38,0.47695069039638205
5602820,Fremont County School District #21,WY,-0.6601311591977879,-0.25485596179962156,25,0.5163436856164358
5605700,Fremont County School District #24,WY,0.1315846895039344,-0.37015975183910793,45,0.4557621863867265
