sedalea,sedaleaname,stateabb,cs_mn_avg_eb,cs_mn_avg_eb_se_adj,year,tot_asmts,cellcount,mn_asmts
3304030,Jaffrey-Rindge Cooperative School District,NH,-0.0104053069564614,0.038276863759775,2019,615,6,102.5
1713500,Edwards County CUSD 1,IL,0.186905474028539,0.038354294077468,2019,730,12,60.83333333333334
3020670,Pine Creek Elementary,MT,0.5720186751389373,0.0478746333814772,2019,46,10,4.6
606960,Caliente Union Elementary,CA,-0.5334388814046043,0.0557203085044207,2019,46,10,4.6
2908250,Center 58,MO,-0.3933105047494091,0.0281126257250618,2019,2294,11,208.5454545454545
4110560,Riverdale SD 51J,OR,1.15003986815626,0.0436396969429119,2019,594,12,49.5
3904837,Springfield Local,OH,0.4472040514560074,0.0336552360630689,2019,770,10,77.0
5309330,Wahkiakum School District,WA,-0.0442077060723508,0.0414348614642472,2019,448,12,37.33333333333334
2923430,Ozark R-VI,MO,0.4541778947597374,0.0222117211279105,2019,4939,11,449.0
3404200,East Newark School District,NJ,-0.1072808810696301,0.0437125411922436,2019,236,9,26.22222222222222
604740,Berkeley Unified,CA,0.3481120105149835,0.0225203535053924,2019,7128,10,712.8
3175510,Pierce Public Schools,NE,0.4256831363294254,0.0346703325479741,2019,576,12,48.0
1201410,Okeechobee,FL,-0.0971734543560313,0.0201362508667601,2019,4904,10,490.4
600026,El Tejon Unified,CA,-0.4605593739073527,0.0394660815989395,2019,462,10,46.2
2200240,City of Bogalusa School District,LA,-0.9385567325815138,0.0273171071712944,2019,1846,12,153.8333333333333
4206240,Coatesville Area SD,PA,-0.4530926518113627,0.0238123132946356,2019,4742,12,395.1666666666667
3904859,Fort Recovery Local,OH,0.5753103220590873,0.0367505899825394,2019,702,10,70.2
2718960,Martin County West School District,MN,0.0650085499297802,0.0339058819097034,2019,670,12,55.83333333333334
4222710,Saint Clair Area SD,PA,0.0523598956189812,0.0380204831555581,2019,648,12,54.0
4203240,Bellefonte Area SD,PA,0.2521132498930614,0.0270080945453102,2019,2307,12,192.25
4222170,South Eastern SD,PA,0.2486565902619032,0.0260970366786135,2019,2341,12,195.0833333333333
513530,Vilonia School District,AR,-0.0022414818022215,0.0268395307334852,2019,2884,12,240.3333333333333
3806930,Flasher 39,ND,0.2468520338805472,0.0518454871218599,2019,182,12,15.16666666666667
2718360,Lyle Public School District,MN,-0.4714926351564583,0.0459874965637059,2019,210,10,21.0
1715780,Franklin Park SD 84,IL,0.3383363053767728,0.0385803229832316,2019,1196,8,149.5
2300062,East Machias Public Schools,ME,-0.4072382526619517,0.0538570061288631,2019,130,7,18.57142857142857
2604620,Bellaire Public Schools,MI,0.0126475997800728,0.0482907550126115,2019,216,8,27.0
2728380,Pine City Public School District,MN,-0.0096139066911583,0.0281483151540158,2019,1441,12,120.0833333333333
5507560,La Farge School District,WI,-0.2523965433410963,0.0519346648879084,2019,150,10,15.0
4206660,Connellsville Area SD,PA,-0.212222374653105,0.0272442611820236,2019,2775,9,308.3333333333333
3818500,Turtle Lake-Mercer 72,ND,0.0424992512194158,0.0567062137626706,2019,156,12,13.0
4837740,Roma ISD,TX,0.0859309476107102,0.0227135723979967,2019,3607,8,450.875
636800,Sierra Sands Unified,CA,-0.2741732735974337,0.0212859100275624,2019,5077,12,423.0833333333333
5514940,Tomahawk School District,WI,0.0518410194566673,0.0327021354319995,2019,1094,12,91.16666666666669
4021600,Ninnekah,OK,0.0473742410472201,0.0358705504341432,2019,458,12,38.16666666666666
2009390,McPherson,KS,-0.1285388172126714,0.0265387135054933,2019,2073,12,172.75
2617880,Hartford Public Schools,MI,-0.5508249903382485,0.0312751114499378,2019,1214,12,101.1666666666667
4204920,Canton Area SD,PA,-0.0057057408270615,0.0366368238194213,2019,818,12,68.16666666666667
4846530,Wylie ISD,TX,0.4837220267954126,0.019392783513271,2019,10416,8,1302.0
3407920,Kenilworth School District,NJ,-0.0826248743187402,0.0306875418956092,2019,1143,11,103.9090909090909
1726250,Miller Twp CCSD 210,IL,0.0751778708419897,0.0510998805291326,2019,281,12,23.41666666666667
4225680,West Mifflin Area SD,PA,-0.0282938373483457,0.0333385335532229,2019,1467,8,183.375
1907410,Clarke Community School District,IA,-0.3621723887832886,0.0351375718328972,2019,1288,12,107.3333333333333
4845180,West Sabine ISD,TX,-0.2025810835045034,0.0420102511815925,2019,362,8,45.25
2802280,Jones County School District,MS,0.0304880529117449,0.017350538443439,2019,8029,12,669.0833333333334
2011880,St Francis Comm Schools,KS,0.2185898307343705,0.0457469778779486,2019,212,12,17.66666666666667
2105460,Southgate Independent,KY,-0.0945969462882336,0.0515036651986184,2019,232,12,19.33333333333333
1741550,West Chicago ESD 33,IL,-0.4917299887707034,0.0232780043495566,2019,5130,12,427.5
3805340,Drayton 19,ND,-0.0013576699941879,0.0539416210482264,2019,146,10,14.6
4823040,Hermleigh ISD,TX,-0.4635306650234254,0.0505773879574686,2019,155,8,19.375
2100300,Barren County,KY,0.0672480982408016,0.0219927630748035,2019,4483,12,373.5833333333333
608970,Cloverdale Unified,CA,-0.464187784015899,0.0304925020576814,2019,1296,12,108.0
4100016,Yamhill Carlton SD 1,OR,0.10033779627043,0.03726833658575,2019,750,11,68.18181818181819
2615060,Freeland Community School District,MI,0.3616751348723814,0.0282869934616434,2019,1801,12,150.0833333333333
3100010,Anselmo-Merna Public Schools,NE,0.2004780860059288,0.0440683566878023,2019,256,12,21.33333333333333
4819050,Fannindel ISD,TX,-0.44787770803466,0.0588837826881982,2019,77,8,9.625
4225950,Wyoming Valley West SD,PA,-0.2642393952043425,0.0241341918125744,2019,4178,11,379.8181818181818
4817880,East Chambers ISD,TX,-0.0776313960881403,0.0314048733315788,2019,905,8,113.125
5308940,Tonasket School District,WA,-0.275565036249703,0.0336155732751276,2019,1081,12,90.08333333333331
4032640,White Rock,OK,-0.4730117888886678,0.0643176411334834,2019,77,11,7.0
600062,Oakdale Joint Unified,CA,-0.1258519378722296,0.020925675972597,2019,4717,12,393.0833333333333
3020790,Pioneer Elementary,MT,-0.1104127392989002,0.0481473962664464,2019,60,10,6.0
633840,Sacramento City Unified,CA,-0.3777166665013204,0.016583073017122,2019,43465,12,3622.083333333333
3904700,Reynoldsburg City,OH,-0.1756325854695681,0.0215114243603408,2019,5948,10,594.8
635700,Santa Monica-Malibu Unified,CA,0.5068308509597078,0.0204355135571845,2019,9197,12,766.4166666666666
627780,Nuview Union,CA,-0.3548945366115464,0.0251969142112586,2019,2079,12,173.25
4900060,Beaver District,UT,0.3928114508624624,0.0288668793038609,2019,1255,12,104.5833333333333
2926970,Cole County R-I,MO,0.2017221153354755,0.0406499145037321,2019,491,11,44.63636363636363
1919710,Moravia Community School District,IA,-0.1521076542987196,0.0515827621502779,2019,368,12,30.66666666666667
5602820,Fremont County School District #21,WY,-0.6601311591977879,0.036639553016494,2019,509,12,42.41666666666666
3820190,Wishek 19,ND,0.1550766366536614,0.0505138988149662,2019,174,10,17.4
2508940,Northbridge,MA,0.1005400713847522,0.0267913225650905,2019,2013,12,167.75
4900900,San Juan District,UT,-0.5210991549632541,0.0287027519611858,2019,2794,12,232.8333333333333
1700065,Saunemin CCSD 438,IL,0.0298468133748803,0.0558788508079316,2019,128,12,10.66666666666667
4203390,Benton Area SD,PA,0.1379391669491739,0.037134845026627,2019,618,12,51.5
4636150,Iroquois School District 02-3,SD,-0.4001525538652689,0.0439400075836633,2019,220,12,18.33333333333333
2927570,Savannah R-III,MO,0.168816412677211,0.0278285054218386,2019,1961,11,178.2727272727273
3303540,Hampton Falls School District,NH,0.7297151293219376,0.0492205258166169,2019,300,12,25.0
4216860,New Hope-Solebury SD,PA,0.6808913198524144,0.029914446938736,2019,1268,12,105.6666666666667
3023520,Savage Elementary,MT,-0.0043250761037583,0.0465386242895613,2019,90,12,7.5
631470,Portola Valley Elementary,CA,1.073523911038772,0.0392180321084293,2019,744,12,62.0
1736750,South Holland SD 151,IL,-0.5739174662882663,0.0263396976646662,2019,2215,12,184.5833333333333
2919380,Macks Creek R-V,MO,-0.1078602337702442,0.0480106711083547,2019,288,11,26.18181818181818
3100097,Morrill Public Schools,NE,-0.1270554652284329,0.0427194862225661,2019,350,12,29.16666666666667
4819500,Follett ISD,TX,0.0486130692319528,0.0564347790542713,2019,88,8,11.0
2803360,Ocean Springs School District,MS,0.3304953368390381,0.0191132073119898,2019,5586,12,465.5
3905019,Liberty Local,OH,-0.1240809048489692,0.0315831673294186,2019,951,10,95.1
504740,County Line School District,AR,0.1837350643865383,0.0439995384218176,2019,460,12,38.33333333333334
601423,Exeter Unified,CA,-0.3645476229912472,0.0248557260835737,2019,2570,12,214.1666666666667
3904495,Vandalia-Butler City,OH,0.1547189043468775,0.0261115803905429,2019,2185,10,218.5
2007020,Hays,KS,0.1915745931553812,0.0248219582800191,2019,2729,12,227.4166666666667
3404710,Emerson Public School District,NJ,0.4135798862568851,0.0351298896323966,2019,821,10,82.1
4215900,Morrisville Borough SD,PA,-0.3478349728924752,0.0373171551283565,2019,694,10,69.4
4213710,Ligonier Valley SD,PA,0.042640137579629,0.0313017810833399,2019,1293,12,107.75
1809720,Rossville Consolidated School District,IN,0.2503649742281076,0.0341609600911782,2019,858,12,71.5
3174040,Mullen Public Schools,NE,0.4967565082768216,0.0467127233374996,2019,126,12,10.5
3405520,Franklin Township School District,NJ,0.4547312480615266,0.0486391777161485,2019,191,7,27.28571428571428
624000,Mark West Union Elementary,CA,0.0269251383994572,0.0274556217409005,2019,1672,12,139.3333333333333
3304040,Kearsarge Regional School District,NH,0.3525584448309981,0.0278895609679975,2019,1598,12,133.1666666666667
2307140,Kittery Public Schools,ME,0.2423230352900636,0.0323226563763349,2019,956,12,79.66666666666667
2908320,Johnson County R-VII,MO,-0.1471193553610752,0.0422012932644651,2019,443,11,40.27272727272727
1724480,Kaneland CUSD 302,IL,0.0835631330137958,0.0233776752830323,2019,4016,12,334.6666666666667
400295,Kingman Unified School District (79598),AZ,-0.3299280736847082,0.0218077029897208,2019,6990,11,635.4545454545455
506060,Camden Fairview School District,AR,-0.7355733930612891,0.0286968134005389,2019,2309,12,192.4166666666667
2101230,Clay County,KY,0.0873302326908068,0.0253782363629774,2019,2904,12,242.0
2312960,Tremont Public Schools,ME,0.2056505982901698,0.049926609984856,2019,146,12,12.16666666666667
3700530,Cabarrus County Schools,NC,0.1804708888680683,0.016082307321213,2019,34233,12,2852.75
637230,Sonora Elementary,CA,-0.0312680244593518,0.0307807252257327,2019,948,12,79.0
2011640,Shawnee Mission Pub Schools,KS,0.3052866330267489,0.0162348169792139,2019,23966,12,1997.166666666667
1713240,East Peoria SD 86,IL,-0.0839154911100831,0.02862599316469,2019,2017,12,168.0833333333333
2925410,Polo R-VII,MO,0.0647113272555351,0.0472613210108841,2019,320,11,29.09090909090909
4817960,Eastland ISD,TX,-0.043710870047447,0.0350414673188289,2019,656,8,82.0
617190,Hillsborough City Elementary,CA,0.959961611604208,0.0321355269217457,2019,1901,12,158.4166666666667
4222620,Springfield Township SD,PA,0.5180125529317343,0.0268947745198632,2019,2339,12,194.9166666666667
1303150,Jones County,GA,-0.0940173139000736,0.0210056198389994,2019,4933,12,411.0833333333333
1739600,Tuscola CUSD 301,IL,0.0641476247020712,0.0339496474054529,2019,857,12,71.41666666666667
3305940,Rochester School District,NH,0.1902657846708224,0.0208618320993978,2019,3007,10,300.7
3904821,Ottawa Hills Local,OH,0.892267151198786,0.0346336863334424,2019,778,10,77.8
1930720,West Bend-Mallard Community School District,IA,0.1731413669794239,0.0549842699125441,2019,272,12,22.66666666666667
3904865,Switzerland of Ohio Local,OH,-0.216507945924692,0.029733864156969,2019,1432,10,143.2
1301470,Cook County,GA,-0.3599629231835105,0.0248411528126828,2019,2820,12,235.0
4205700,Chartiers Valley SD,PA,0.2988126124288086,0.0256391752850513,2019,2889,12,240.75
1918720,Marshalltown Community School District,IA,-0.3862598028207965,0.024724164911934,2019,4649,12,387.4166666666667
4846650,Yorktown ISD,TX,-0.3845621462396812,0.0414422331835223,2019,317,8,39.625
4021510,Newcastle,OK,0.1013565191420816,0.0254493914356544,2019,1911,12,159.25
1601140,Fruitland District,ID,-0.0249846104842369,0.0310025397074328,2019,1370,10,137.0
618990,John Swett Unified,CA,-0.6044575950183613,0.0331848677785405,2019,1215,12,101.25
500082,Lawrence County School District,AR,-0.3596850390053391,0.0370318789933912,2019,857,12,71.41666666666667
2009840,Mulvane,KS,0.0931017709870221,0.0284234263474864,2019,1656,12,138.0
1721750,Lake Forest SD 67,IL,0.8166278526997574,0.0315563418196648,2019,1313,7,187.5714285714286
2508730,North Attleborough,MA,0.3940701310348263,0.0227444125453835,2019,4067,12,338.9166666666667
4820700,Gilmer ISD,TX,-0.2392817471623137,0.0300145610850508,2019,1511,8,188.875
4833240,Nueces Canyon CISD,TX,-0.1833284133413458,0.0498731042823432,2019,172,8,21.5
100900,Coosa County,AL,-0.5837923488007664,0.0346484975914631,2019,821,12,68.41666666666667
3905000,Manchester Local,OH,0.45207999619957,0.0308543537093378,2019,999,10,99.9
3904371,Canton City,OH,-0.6703980042437464,0.0216107903302121,2019,7175,10,717.5
4212570,Johnsonburg Area SD,PA,0.1580900294165108,0.0395665198499373,2019,454,10,45.4
4832370,New Braunfels ISD,TX,0.1091934987572472,0.0206396556132548,2019,5545,8,693.125
4836360,Rains ISD,TX,-0.1918001552997424,0.030216282775803,2019,1042,8,130.25
4226390,William Penn SD,PA,-0.7186104506561432,0.0238653331736068,2019,5172,12,431.0
4400390,Foster,RI,-0.0792054948302209,0.0495460721984549,2019,269,6,44.83333333333334
2732550,Rush City Public School District,MN,0.2866680593819436,0.0332847373922037,2019,794,12,66.16666666666667
5503240,De Soto Area School District,WI,0.1680946120073354,0.0404423369826339,2019,420,12,35.0
1727610,Murphysboro CUSD 186,IL,-0.4377660977085175,0.0280372279981475,2019,1713,12,142.75
4202820,Avonworth SD,PA,0.574670527014654,0.0296768929329196,2019,1672,12,139.3333333333333
600065,Dinuba Unified,CA,-0.3220307076805112,0.0209506478122077,2019,5905,12,492.0833333333333
2311370,RSU 35/MSAD 35,ME,0.4073300261650047,0.0271393343137878,2019,1730,12,144.1666666666667
1810450,South Montgomery Community School Corporation,IN,0.3017572415582385,0.0296937214182001,2019,1514,12,126.1666666666667
2800930,Carroll County School District,MS,-0.4669837671472518,0.0301530576547806,2019,914,12,76.16666666666667
4828380,Lovejoy ISD,TX,0.9543844025805072,0.0305929767107703,2019,2701,8,337.625
4702070,Jackson County,TN,-0.2293146223929583,0.0294188503966479,2019,1153,11,104.8181818181818
3904505,West Carrollton City,OH,-0.2938838636470913,0.0256074359923451,2019,2890,10,289.0
1602550,Parma District,ID,0.0768993106457515,0.0320714840774115,2019,1005,12,83.75
3904928,Preble Shawnee Local,OH,-0.1165476995349979,0.0311922083609841,2019,1084,10,108.4
5501350,Bloomer School District,WI,0.052980204318799,0.0330769499088931,2019,1100,12,91.66666666666669
2709750,Crosby-Ironton Public School District,MN,0.0311213559816423,0.0333056197600185,2019,920,12,76.66666666666667
2709510,Columbia Heights Public School District,MN,-0.5795658793817524,0.0260172590356549,2019,3443,12,286.9166666666667
4002550,Agra,OK,-0.3572107493620452,0.0483970657935741,2019,245,12,20.41666666666667
623550,Manchester Union Elementary,CA,-0.5040336732178051,0.0530945604964972,2019,54,12,4.5
3000003,Cut Bank Elementary,MT,-0.228420397933639,0.0317963260395979,2019,779,12,64.91666666666667
5508190,Lodi School District,WI,0.1407803473639478,0.0305158180675763,2019,1243,12,103.5833333333333
628710,Orcutt Union Elementary,CA,-0.0856222550788772,0.0198467995184416,2019,6181,12,515.0833333333334
2009780,Moundridge,KS,0.0206436528632209,0.0483593519035543,2019,308,10,30.8
600069,Valley Center-Pauma Unified,CA,-0.5451929605149641,0.026465312208628,2019,2723,9,302.5555555555555
3415030,Somers Point School District,NJ,-0.3277336115145149,0.0363051405308263,2019,893,10,89.3
2707590,Carlton Public School District,MN,0.069477808219701,0.0394050858555522,2019,402,12,33.5
5307770,Selah School District,WA,-0.0635265786578304,0.0256380763201372,2019,3279,12,273.25
619890,Kit Carson Union Elementary,CA,-0.5552026286780865,0.0368109977147963,2019,522,12,43.5
5505250,Gillett School District,WI,0.48317606437892,0.0427414600371893,2019,470,12,39.16666666666666
4826220,Lapoynor ISD,TX,-0.198361389166594,0.0432891504265887,2019,332,8,41.5
2800187,Sunflower Cty Consolidated School District,MS,-0.4002224950777978,0.0202916881878397,2019,3379,12,281.5833333333333
600028,Temecula Valley Unified,CA,0.1266683874866826,0.0164729737999753,2019,35676,12,2973.0
102850,Roanoke City,AL,-0.5667099299926188,0.0335097550663345,2019,1312,12,109.3333333333333
4812180,Burleson ISD,TX,0.0008501457458377,0.0193748947198818,2019,7918,8,989.75
5302940,Franklin Pierce School District,WA,-0.3829754690392588,0.0227174025189865,2019,7458,12,621.5
900840,Colchester School District,CT,0.4978309345629143,0.0256915406314456,2019,2011,12,167.5833333333333
2702640,Lester Prairie Public School District,MN,0.0348921248634746,0.0361711312601951,2019,452,12,37.66666666666666
624090,Marysville Joint Unified,CA,-0.4716478139808734,0.0186969658728692,2019,9952,12,829.3333333333334
2005820,Ellinwood Public Schools,KS,-0.1219046632017337,0.0430061877807579,2019,384,12,32.0
4226850,York Suburban SD,PA,0.5387314353322272,0.0269874993092676,2019,2782,12,231.8333333333333
2009900,Neodesha,KS,-0.066800246236338,0.0398197729609002,2019,604,12,50.33333333333334
615150,Geyserville Unified,CA,-0.1911141043925045,0.0432827153926242,2019,199,11,18.09090909090909
1806570,Michigan City Area Schools,IN,-0.1090804979046895,0.0236111787852623,2019,5130,12,427.5
3000096,North Star Elementary,MT,0.1088532344745341,0.0442699068789951,2019,144,10,14.4
1903270,Albia Community School District,IA,0.2136769351544498,0.0357831882116988,2019,1088,12,90.66666666666669
4830030,Medina ISD,TX,-0.1778969594737417,0.04986815306831,2019,161,8,20.125
900660,Canterbury School District,CT,0.0694969457054139,0.0333434016228753,2019,537,12,44.75
2314761,RSU 68/MSAD 68,ME,-0.1513896981186179,0.0339984978995167,2019,913,12,76.08333333333333
2636270,Whiteford Agricultural School District,MI,0.2880245056253702,0.0339661323849865,2019,729,12,60.75
3023370,Saco Elementary,MT,0.0015323997790101,0.0482324038111764,2019,48,10,4.8
610890,Delano Union Elementary,CA,-0.3537058005189726,0.0188514015897295,2019,10436,12,869.6666666666666
4840110,Shiner ISD,TX,0.3301925324008783,0.0415490021596714,2019,381,8,47.625
100100,Arab City,AL,0.2467389546951276,0.0273265502105835,2019,2411,12,200.9166666666667
4221150,Yough SD,PA,0.1236487935383589,0.0304493816082041,2019,1359,10,135.9
619590,Kernville Union Elementary,CA,-0.629966161743284,0.0318301624901951,2019,1124,12,93.66666666666669
4215240,Middletown Area SD,PA,-0.0830243525809423,0.0288324744418031,2019,2017,10,201.7
608610,Chula Vista Elementary,CA,0.0626128491375198,0.0162174796284536,2019,52917,12,4409.75
404230,Kyrene Elementary District (4267),AZ,0.3875133237747443,0.0173766927971286,2019,24095,11,2190.454545454545
4829370,Matagorda ISD,TX,-0.4469668345642492,0.0556325407805625,2019,85,6,14.16666666666667
4225980,West York Area SD,PA,-0.1015489100735741,0.0269651256201634,2019,2751,12,229.25
2918330,Leesville R-IX,MO,-0.5227638559599807,0.0625186336524637,2019,105,11,9.545454545454543
3200060,Clark County,NV,-0.1354778479530925,0.0136116047290394,2019,339134,12,28261.16666666667
2905250,Bloomfield R-Xiv,MO,0.2706668463206477,0.0399865901484316,2019,506,11,46.0
2725050,Onamia Public School District,MN,-0.6052773883837761,0.042161957124803,2019,578,12,48.16666666666666
1712060,Delavan CUSD 703,IL,0.0926618709650009,0.0427367761698106,2019,404,12,33.66666666666666
4822500,Harleton ISD,TX,0.1436596705813085,0.0379655254225581,2019,425,8,53.125
4217280,North Penn SD,PA,0.4165757588456282,0.0200453390399344,2019,11776,12,981.3333333333334
1811580,Twin Lakes School Corporation,IN,0.175279704162578,0.0275799844109346,2019,2099,12,174.9166666666667
3416200,Tinton Falls School District,NJ,0.4932881042005932,0.0317634723477715,2019,1703,11,154.8181818181818
2000016,Marysville,KS,-0.069509071239759,0.0365200011831479,2019,636,12,53.0
4209480,Exeter Township SD,PA,0.2262464828748912,0.0242067561634279,2019,3481,12,290.0833333333333
3414220,Roosevelt Borough Public School District,NJ,0.8801880274857484,0.0517458989757733,2019,70,6,11.66666666666667
1809060,Plymouth Community School Corporation,IN,0.1007649596189224,0.0246134655182137,2019,3167,12,263.9166666666667
642540,Williams Unified,CA,-0.8269535067441606,0.0311759286986763,2019,1259,12,104.9166666666667
3407830,Jersey City Public Schools,NJ,-0.0203966175248184,0.0199900726082656,2019,26569,11,2415.363636363636
1906660,Center Point-Urbana Community School District,IA,0.3297850619860567,0.0319887198481527,2019,1406,12,117.1666666666667
3905009,Bloomfield-Mespo Local,OH,0.054133892677761,0.0480024645995487,2019,164,10,16.4
4703480,Putnam County,TN,-0.0236402525678626,0.0192571467388547,2019,8427,10,842.7
624480,Mendocino Unified,CA,-0.0446810052980244,0.0399065168140008,2019,403,10,40.3
2707470,Canby Public School District,MN,0.3591963219488941,0.0353621579064932,2019,508,12,42.33333333333334
614070,Fort Bragg Unified,CA,-0.3581935084331525,0.0256427187857348,2019,1804,12,150.3333333333333
1603030,South Lemhi District,ID,0.0974706555252413,0.0544039918189775,2019,102,12,8.5
1742210,Wheeling CCSD 21,IL,-0.1806016737607658,0.0218164938685414,2019,7880,12,656.6666666666666
4024510,Pioneer-Pleasant Vale,OK,0.0541612034548413,0.0377801585880119,2019,451,12,37.58333333333334
3405880,Glassboro School District,NJ,-0.3174878906185357,0.0319738925027671,2019,1269,9,141.0
1200330,Collier,FL,0.1815523149354945,0.0156359733864225,2019,35780,10,3578.0
4203510,Bethel Park SD,PA,0.6560001313451775,0.0263121232251634,2019,2548,9,283.1111111111111
637770,Springville Union Elementary,CA,-0.0879556775916558,0.0389592590929865,2019,404,12,33.66666666666666
4212300,Jamestown Area SD,PA,0.012773076466288,0.0419358698261515,2019,401,12,33.41666666666666
3704320,Stanly County Schools,NC,0.0121263080353344,0.0182647654932553,2019,8528,12,710.6666666666666
2702720,Southland Public School District,MN,-0.0207724193378661,0.0400362312533739,2019,351,12,29.25
3418240,Woodland Township School District,NJ,-0.2609319694082951,0.0454908021302605,2019,179,11,16.27272727272727
5514640,Sun Prairie Area School District,WI,0.1771436762216594,0.0214920567834247,2019,7110,12,592.5
3904583,Mapleton Local,OH,-0.0854500878763784,0.0345363676165283,2019,729,10,72.9
1700102,Brussels CUSD 42,IL,0.2307058935383851,0.0620549672238573,2019,72,12,6.0
1809180,Porter Township School Corporation,IN,0.0762383795254185,0.0310815123097057,2019,1248,12,104.0
5304740,Manson School District,WA,-0.4800604835179632,0.0397295425515902,2019,590,12,49.16666666666666
4208550,East Penn SD,PA,0.3299753412339672,0.0209392086613703,2019,7851,12,654.25
632310,Rescue Union Elementary,CA,0.4367678668599765,0.0208087624254546,2019,4861,12,405.0833333333333
5510500,New Glarus School District,WI,0.3518984173942495,0.0344088775091736,2019,940,12,78.33333333333333
2101050,Casey County,KY,0.156930295589665,0.0269307208047994,2019,2102,12,175.1666666666667
601442,Upper Lake Unified,CA,-0.6254370930522465,0.0385969111799705,2019,540,9,60.0
5501110,Benton School District,WI,0.2930912943420182,0.0489268648627804,2019,160,12,13.33333333333333
1301140,Chickamauga City,GA,0.3125048531805173,0.0281371525539325,2019,1153,12,96.08333333333331
901500,Essex School District,CT,0.7138337016516311,0.0388963823676401,2019,370,8,46.25
5511850,Platteville School District,WI,0.4425002178922497,0.0326170856245465,2019,1386,12,115.5
3404410,Eatontown Public School District,NJ,0.2931070107239564,0.0347283734256193,2019,1114,11,101.2727272727273
4823850,Hughes Springs ISD,TX,-0.1409064763266217,0.031853993710558,2019,777,8,97.125
4700152,Arlington,TN,0.6543734647967115,0.0224149031123414,2019,3272,11,297.4545454545454
5504620,Lac du Flambeau #1 School District,WI,-0.5106634519392594,0.037718155726189,2019,552,12,46.0
631170,Plumas Unified,CA,-0.3123598345126892,0.0250436517900083,2019,1971,12,164.25
2912600,Gainesville R-V,MO,0.111622585261826,0.0399511042957412,2019,557,11,50.63636363636363
5300840,Cape Flattery School District,WA,-0.186711284586493,0.0405897495934992,2019,408,11,37.09090909090909
3701140,Davidson County Schools,NC,0.1413592428701442,0.0168863756315434,2019,17210,12,1434.166666666667
2101800,Fairview Independent,KY,-0.5289992201355291,0.0385080929109609,2019,632,12,52.66666666666666
1718510,Havana CUSD 126,IL,0.0353627919218453,0.0353894576129402,2019,772,12,64.33333333333333
4810780,Boling ISD,TX,-0.2090591902377391,0.0335664158772319,2019,689,8,86.125
4836240,Quinlan ISD,TX,-0.4367383321787771,0.0291133124393891,2019,1540,8,192.5
100120,Athens City,AL,-0.2530488643400333,0.0260168225914704,2019,3480,12,290.0
3812720,Menoken 33,ND,0.5003057418117923,0.0687288850472678,2019,48,12,4.0
2509090,Edgartown,MA,0.2350384192581541,0.0406809796445636,2019,290,8,36.25
2803090,Nettleton School District,MS,-0.1575400076134683,0.0280405692548685,2019,1188,12,99.0
406300,Phoenix Elementary District (4256),AZ,-0.3453952692766544,0.0196861791377481,2019,10659,11,969.0
2104380,Murray Independent,KY,0.6415261688315627,0.031383967341951,2019,1566,12,130.5
2627660,Paw Paw Public School District,MI,0.0193882089016737,0.0276862563929613,2019,1932,12,161.0
3904500,Warrensville Heights City,OH,-0.6131233583210027,0.0278397292190402,2019,1724,10,172.4
4213020,Lake-Lehman SD,PA,0.0893316266174229,0.0292645143862036,2019,1581,12,131.75
3404660,Elmwood Park School District,NJ,0.0939532039383894,0.0271509747829435,2019,2298,11,208.9090909090909
3413470,Prospect Park Public School District,NJ,-0.4751378097783709,0.0326330976109182,2019,1045,11,95.0
1909480,Dubuque Community School District,IA,-0.0201248751392146,0.0204044745882706,2019,9445,12,787.0833333333334
1740680,North Wamac SD 186,IL,-0.0793038929725174,0.054941704043892,2019,148,12,12.33333333333333
4700150,Millington Municipal Schools,TN,-0.2383142428650112,0.0270667297285706,2019,1924,11,174.9090909090909
1921840,Osage Community School District,IA,-0.1161788075973033,0.0381304351090115,2019,844,12,70.33333333333333
613290,Fairfax Elementary,CA,-0.6372198876951606,0.0239525195475266,2019,3491,12,290.9166666666667
2511970,Walpole,MA,0.6498894051096519,0.0240551008605472,2019,3463,12,288.5833333333333
3173740,Millard Public Schools,NE,0.4226907441390591,0.0144755579487121,2019,21316,12,1776.333333333333
5605700,Fremont County School District #24,WY,0.1315846895039344,0.0361223473634915,2019,390,12,32.5
100013,Trussville City,AL,0.4231948445756701,0.0236426422479858,2019,4391,12,365.9166666666667
1800900,Bremen Public Schools,IN,0.1582812439164056,0.0317189886844241,2019,1355,12,112.9166666666667
511610,Pocahontas School District,AR,-0.3301138967022091,0.0306030866014907,2019,1972,12,164.3333333333333
508640,Lakeside School Dist(Chicot),AR,-0.7520351850281148,0.0346286352221818,2019,998,12,83.16666666666667
4014730,Hodgen,OK,-0.334566566900128,0.0469847471058107,2019,256,12,21.33333333333333
2620610,Lake City Area School District,MI,-0.2213834682810695,0.0320003341659356,2019,1061,12,88.41666666666667
2006180,Fort Scott,KS,-0.2453450080310723,0.0275202718634425,2019,1738,12,144.8333333333333
2012180,Shawnee Heights,KS,0.1093999198390815,0.0225769188955875,2019,3303,12,275.25
2200780,Jackson Parish,LA,-0.5989782949320994,0.0273770012061119,2019,2104,12,175.3333333333333
4213320,Laurel Highlands SD,PA,-0.1465958856303732,0.0272761770910623,2019,2377,11,216.0909090909091
3171520,Hartington Newcastle Public Schools,NE,0.1092151808890612,0.0438104650874827,2019,302,12,25.16666666666667
3409750,Matawan-Aberdeen Regional School District,NJ,0.4362724411102163,0.0273625596853366,2019,3128,11,284.3636363636364
5500990,Belleville School District,WI,0.2896036199989429,0.0370857888874706,2019,741,11,67.36363636363636
3103060,Ansley Public Schools,NE,0.0588763667565191,0.050272347932684,2019,134,12,11.16666666666667
4826100,La Grange ISD,TX,-0.0757439577266081,0.0319281144796372,2019,1144,8,143.0
405530,Nogales Unified District (4457),AZ,-0.2056720785049626,0.0228473569722975,2019,5187,11,471.5454545454546
3411310,New Providence School District,NJ,1.006792181242159,0.0292546637753535,2019,2209,11,200.8181818181818
3904847,Buckeye Local,OH,0.3302476529397939,0.0268983718771115,2019,1786,10,178.6
1703990,Argenta-Oreana CUSD 1,IL,-0.1800464643046448,0.036244694255943,2019,795,12,66.25
4703600,Robertson County,TN,-0.173231776212547,0.0189269285349985,2019,9433,11,857.5454545454545
3417520,West Milford Township Public School District,NJ,0.2499871307253836,0.0254102046273383,2019,2716,11,246.9090909090909
3904708,Pike-Delta-York Local,OH,0.427413257823771,0.031113037447383,2019,1006,10,100.6
4028650,Stigler,OK,-0.0422758283037253,0.0283748279912514,2019,1149,12,95.75
2313140,Veazie Public Schools,ME,0.4765499209193672,0.0514605328752608,2019,140,10,14.0
3008130,Custer K-12 Schools,MT,0.0198484217536426,0.0464454424628176,2019,80,12,6.666666666666667
5500058,Chequamegon School District,WI,0.072166177806897,0.037837249035481,2019,646,12,53.83333333333334
2303150,Biddeford Public Schools,ME,-0.2128296704316587,0.0273791757907549,2019,2094,12,174.5
5301630,Colville School District,WA,0.1331264064066736,0.0299980652251151,2019,1634,12,136.1666666666667
2728140,Paynesville Area Schools,MN,0.1983225768103182,0.0314298211104285,2019,833,12,69.41666666666667
3404020,Dunellen Public School District,NJ,0.166686929645163,0.0398060431102587,2019,623,7,89.0
4840620,Snook ISD,TX,-0.3745126592334532,0.049502254428432,2019,305,8,38.125
2922650,Normandy Schools Collaborative,MO,-0.9081521795395492,0.0258136347149166,2019,2874,11,261.2727272727273
3104950,Raymond Central Public Schools,NE,0.1166188288108841,0.0343009931189395,2019,596,12,49.66666666666666
2305670,Falmouth Public Schools,ME,0.8041227241345811,0.0271690429497963,2019,1995,12,166.25
4030048,Woodland,OK,-0.3703281050944452,0.0409115334209732,2019,370,12,30.83333333333333
4818720,Eustace ISD,TX,-0.0274011824985608,0.0298524147412415,2019,926,8,115.75
625470,Montebello Unified,CA,-0.588065539400605,0.0174741726440577,2019,22041,12,1836.75
804320,East Grand School District No. 2,CO,0.2210877952042276,0.0398059896543904,2019,846,8,105.75
2733870,St. Peter Public School District,MN,0.2349804804655127,0.0286234127046443,2019,2025,12,168.75
637350,South Bay Union Elementary,CA,-0.3194679068489037,0.0377703615158227,2019,572,12,47.66666666666666
4839990,Sheldon ISD,TX,-0.3783921869978545,0.0207235077057916,2019,5895,8,736.875
3400769,South Hunterdon Regional School District,NJ,0.0906778607410123,0.0351460362402772,2019,777,11,70.63636363636364
4836970,Rice CISD,TX,-0.2897483174102716,0.0358638705551715,2019,788,8,98.5
4502490,Horry 01,SC,0.1117155456675496,0.0171939652574697,2019,42331,12,3527.583333333333
2711040,Duluth Public School District,MN,0.1632120210052893,0.0202069881771783,2019,8884,12,740.3333333333334
1812240,Wa-Nee Community Schools,IN,0.5086116290044737,0.0275205820172102,2019,2817,12,234.75
3904745,McComb Local,OH,0.0609812890081005,0.0389388862924845,2019,518,10,51.8
5103980,Westmoreland County Public Schools,VA,-0.1845938438689369,0.041483513192639,2019,933,8,116.625
802220,Arickaree School District No. R-2,CO,-0.4103980868420514,0.0601093463262326,2019,58,7,8.285714285714286
903840,Rocky Hill School District,CT,0.6286241326928872,0.0260994927144203,2019,2528,12,210.6666666666667
4211700,Hazleton Area SD,PA,-0.5692460311438727,0.0210258169754639,2019,9794,11,890.3636363636364
5309180,University Place School District,WA,0.4497428195686728,0.02425306650912,2019,5029,12,419.0833333333333
3904905,Northern Local,OH,0.2049437582118563,0.0266179835733787,2019,1727,10,172.7
4026250,Rocky Mountain,OK,-0.225334184820415,0.0475374991933689,2019,232,12,19.33333333333333
3904547,Marysville Exempted Village,OH,0.484880058036146,0.0251596723888103,2019,3822,10,382.2
3904912,Eastern Local School District,OH,-0.1788780288712264,0.0354818682254771,2019,688,10,68.8
2608400,Cass City Public Schools,MI,0.2048268537977093,0.0325548778441192,2019,896,12,74.66666666666667
3904936,Miller City-New Cleveland Local,OH,0.8707778724667633,0.0422392598786081,2019,389,10,38.9
5601090,Big Horn County School District #4,WY,0.2498882335876395,0.041369508756897,2019,232,12,19.33333333333333
3904587,Jefferson Area Local,OH,0.0625481398507981,0.0294400710181567,2019,1329,10,132.9
4219560,Portage Area SD,PA,0.3078256463123193,0.037232470777071,2019,720,12,60.0
638070,Stony Creek Joint Unified,CA,-1.037059414539052,0.0558630154591525,2019,60,10,6.0
1800270,Avon Community School Corporation,IN,0.4463228975147304,0.0208511580654621,2019,8953,12,746.0833333333334
2636390,Whittemore-Prescott Area Schools,MI,-0.4059986586508742,0.0343804688828294,2019,724,12,60.33333333333334
901080,Deep River School District,CT,0.5471461217043657,0.0348925907059295,2019,860,12,71.66666666666667
5304500,Loon Lake School District,WA,-0.4828205727054522,0.0453139477755521,2019,193,11,17.54545454545455
2513110,Winchester,MA,1.065615278746219,0.0227485936843523,2019,4412,12,367.6666666666667
5602760,Uinta County School District #1,WY,0.2258747798024502,0.0234316661937902,2019,2544,12,212.0
502790,Bauxite School District,AR,-0.1269705289676887,0.0304041028985881,2019,1535,12,127.9166666666667
900540,Brookfield School District,CT,0.4058354185762228,0.0262396227114752,2019,1866,10,186.6
3304770,Middleton School District,NH,-0.2830110013642465,0.0557438692791875,2019,148,8,18.5
2608520,Cedar Springs Public Schools,MI,0.0829988954083008,0.023664722984656,2019,3406,12,283.8333333333333
2622980,Martin Public Schools,MI,0.0841516192554317,0.0370301085163198,2019,546,12,45.5
2712480,Fulda Public School District,MN,0.0997021039874902,0.0388866049778214,2019,316,12,26.33333333333333
1734350,Rock Falls ESD 13,IL,0.0177945827762355,0.0328222358032406,2019,1131,12,94.25
1701413,Abingdon-Avon CUSD 276,IL,-0.4005281307817954,0.0359985392649661,2019,831,12,69.25
3409240,Madison Public School District,NJ,0.8043215081171219,0.030332118701604,2019,1959,10,195.9
1601590,Jerome Joint District,ID,-0.414870764239854,0.0227162187136984,2019,4199,12,349.9166666666667
2202010,Winn Parish,LA,-0.4132097418274548,0.028321728402732,2019,2034,12,169.5
4010500,Earlsboro,OK,-0.6050227390109559,0.0516309938294038,2019,189,10,18.9
1802850,East Allen County Schools,IN,0.0444831572686571,0.0214870014485256,2019,8890,12,740.8333333333334
2200750,Iberville Parish,LA,-0.3584684495432771,0.0239750851900692,2019,4356,12,363.0
804230,Gilpin County School District No. Re-1,CO,0.4440449918551944,0.0593242758939716,2019,184,6,30.66666666666667
3904640,East Clinton Local,OH,-0.0060904090418324,0.0333901423457574,2019,891,10,89.1
624150,Maxwell Unified,CA,-0.2874148670802857,0.0517975937217321,2019,108,4,27.0
608370,Chico Unified,CA,-0.0856166649495561,0.0182886365630116,2019,13343,12,1111.916666666667
1912750,Glidden-Ralston Community School District,IA,-0.1384471788062963,0.0530972928141967,2019,255,12,21.25
3404740,Englewood Public School District,NJ,-0.2613188059041099,0.0280831954684367,2019,2276,10,227.6
625800,Moreno Valley Unified,CA,-0.6112115487271641,0.0169231965139883,2019,30139,12,2511.583333333333
1741600,West Lincoln-Broadwell ESD 92,IL,0.1819997517719669,0.0508071110551133,2019,242,12,20.16666666666667
1911340,Fairfield Community School District,IA,-0.0478587232898968,0.0332936082844789,2019,1494,12,124.5
5102490,Middlesex County Public Schools,VA,-0.0195910866038985,0.0464167250243491,2019,705,8,88.125
2742120,Waubun-Ogema-White Earth Schools,MN,-0.4058819102030596,0.038711816346184,2019,447,10,44.7
2105820,Webster County,KY,-0.1411531038480952,0.0263023963756166,2019,1997,12,166.4166666666667
4811610,Brownfield ISD,TX,-0.5920066230210064,0.0360872675635359,2019,986,8,123.25
1803700,Franklin County Community School Corporation,IN,0.1058917140419323,0.0273284920807783,2019,1939,12,161.5833333333333
3904842,Pleasant Local,OH,0.1128648784054104,0.0325461482263271,2019,1035,10,103.5
5101710,Greene County Public Schools,VA,-0.2059284617742883,0.035505709868375,2019,1894,8,236.75
504980,Decatur School District,AR,-0.6331365231106112,0.0413247264861873,2019,514,12,42.83333333333334
3411430,North Arlington School District,NJ,0.2640688021204812,0.0291736513163662,2019,1632,11,148.3636363636364
2512600,Westborough,MA,0.9399122913577932,0.0246638502066521,2019,3533,12,294.4166666666667
3816470,Sawyer 16,ND,-0.091201257531171,0.0709925388073053,2019,42,10,4.2
4224320,Upper Darby SD,PA,-0.444411529901475,0.0203863306547401,2019,11482,12,956.8333333333334
5103150,Pulaski County Public Schools,VA,-0.0697145524799546,0.0333861128889436,2019,2397,8,299.625
4009510,Davis,OK,-0.2517796094920705,0.0323020015092256,2019,862,12,71.83333333333333
601421,Santa Paula Unified,CA,-0.5740149632580478,0.0222805382851943,2019,4694,12,391.1666666666667
5307620,Royal School District,WA,-0.5012970979131083,0.0309851566614965,2019,1649,12,137.4166666666667
5309000,Touchet School District,WA,-0.4329405607727682,0.0458048040431152,2019,202,12,16.83333333333333
1201230,Manatee,FL,0.0412006968123056,0.0156441143896182,2019,37472,10,3747.2
2621570,Lincoln Consolidated School District,MI,-0.4264067487525715,0.0256751282099187,2019,3093,12,257.75
2612990,Edwardsburg Public Schools,MI,0.3399729090046555,0.0289794058765312,2019,1740,8,217.5
4827420,Liberty Hill ISD,TX,0.2154629140739935,0.0242767467705166,2019,2914,8,364.25
404320,Liberty Elementary District (4266),AZ,-0.0277971963380353,0.0207734474862879,2019,6568,11,597.0909090909091
4819830,Frenship ISD,TX,0.0718792260550131,0.0199608018084512,2019,6713,8,839.125
406900,Red Rock Elementary District (4447),AZ,-0.1214905182100367,0.040986599843575,2019,483,11,43.90909090909091
4218580,Penn-Delco SD,PA,0.3034642019186632,0.0246931424420622,2019,3090,12,257.5
3024200,Sidney Elementary,MT,0.030302064287796,0.0276841893138057,2019,1176,12,98.0
4202340,Altoona Area SD,PA,0.0081400839361439,0.0214908746587977,2019,6890,12,574.1666666666666
4000782,Graham-Dustin,OK,-0.6403679147962356,0.0552918810312969,2019,148,12,12.33333333333333
5306630,Paterson School District,WA,0.1207963199945825,0.0508376922099876,2019,104,8,13.0
5510140,Riverdale School District,WI,0.1721117549104249,0.0372092938868452,2019,632,12,52.66666666666666
2803480,Pascagoula-Gautier School District,MS,-0.0918698893411879,0.0186539657399334,2019,6592,12,549.3333333333334
621810,Linden Unified,CA,-0.2955467152623,0.0248657485057922,2019,2181,12,181.75
2608940,Chelsea School District,MI,0.4349191490895594,0.0269339811874678,2019,2122,12,176.8333333333333
2103090,Kenton County,KY,0.1693754181151284,0.0186187379368737,2019,13372,12,1114.333333333333
101110,Dallas County,AL,-0.6934172429571073,0.0260113051170117,2019,2742,12,228.5
2314817,Athens Public Schools,ME,0.4832998252389047,0.0502075575739383,2019,138,12,11.5
640800,Valley Home Joint Elementary,CA,-0.3996443472270271,0.0455506018334144,2019,172,10,17.2
5306360,Orient School District,WA,-0.5260846989157606,0.0509141652680411,2019,59,11,5.363636363636363
2622500,Manton Consolidated Schools,MI,-0.0510692482217605,0.0336239096817734,2019,880,12,73.33333333333333
2913590,Hamilton R-II,MO,0.0063530843623701,0.0428057064966337,2019,537,11,48.81818181818182
1907110,Charter Oak-Ute Community School District,IA,-0.3749348235104925,0.0550814223041894,2019,252,12,21.0
3904409,Greenville City,OH,-0.0265616883146535,0.0294626451444567,2019,1895,10,189.5
5601980,Laramie County School District #1,WY,-0.0418902156873043,0.0149576167232979,2019,13553,12,1129.416666666667
2910590,Buchanan County R-IV,MO,0.0215125710448853,0.0450012746667707,2019,283,11,25.72727272727273
904560,Tolland School District,CT,0.3357910760080278,0.0263368596843951,2019,1762,10,176.2
1712090,DePue USD 103,IL,-0.4223281660360552,0.0460057445837365,2019,332,12,27.66666666666667
4011850,Forest Grove,OK,-0.3234822758317651,0.054120588966332,2019,160,12,13.33333333333333
2707350,Byron Public School District,MN,0.6110216006807758,0.0254776407165202,2019,1950,12,162.5
2925640,Putnam County R-I,MO,0.0143845087733155,0.0401410920853794,2019,551,11,50.09090909090909
642120,Westside Union Elementary,CA,-0.2259736489268243,0.0177795424506116,2019,13909,12,1159.083333333333
633240,Robla Elementary,CA,-0.5115971781768082,0.0268828308378711,2019,2669,12,222.4166666666667
3412810,Pemberton Township School District,NJ,-0.2821787352178314,0.0244285063321275,2019,3848,11,349.8181818181818
2608010,Carney-Nadeau Public Schools,MI,-0.2883773347391865,0.0459707278922567,2019,232,12,19.33333333333333
100007,Hoover City,AL,0.3220703942697903,0.0209205852401755,2019,12801,12,1066.75
1930750,West Branch Community School District,IA,0.0438607624265013,0.0442514741966601,2019,685,12,57.08333333333334
2623460,Melvindale-Northern Allen Park Schools,MI,-0.5119602558267149,0.0257579429620848,2019,3047,12,253.9166666666667
4815210,Coppell ISD,TX,0.6894624459494626,0.0217944925525713,2019,8456,8,1057.0
2620820,Lakeshore School District (Berrien),MI,0.3754666984993505,0.0261546808722401,2019,2464,12,205.3333333333333
2616470,Grandville Public Schools,MI,0.2801167574530579,0.0218912628310317,2019,4911,12,409.25
3904841,Elgin Local,OH,-0.055946242744016,0.0353275804312405,2019,820,10,82.0
1905750,North Iowa Community School District,IA,-0.2302273751600851,0.0485126453758,2019,392,12,32.66666666666666
102880,Russell County,AL,-0.3270168851120085,0.0252279046213494,2019,3319,12,276.5833333333333
102670,Perry County,AL,-0.9327693262978968,0.0334176721731522,2019,1131,12,94.25
2000030,Republic County,KS,0.0723050122462179,0.0403344748776066,2019,505,12,42.08333333333334
4006000,Butner,OK,-0.564504610739246,0.050597637489123,2019,202,12,16.83333333333333
606690,Butteville Union Elementary,CA,0.0340039263235885,0.0444883963993271,2019,204,10,20.4
4815960,Cuero ISD,TX,-0.2258496553674675,0.02834099869244,2019,1169,8,146.125
2802610,Leland School District,MS,-0.5033546090348654,0.030954211268323,2019,715,12,59.58333333333334
1701416,Milford Area PSD 124,IL,-0.0889659883260511,0.0433525285264321,2019,472,12,39.33333333333334
4820010,Frisco ISD,TX,0.6142065505336969,0.0169352367722283,2019,40135,8,5016.875
804140,Sierra Grande School District No. R-30,CO,-0.6418472566931244,0.0540652394624885,2019,172,8,21.5
4028170,Sperry,OK,-0.0660841060998335,0.0315349714515933,2019,996,12,83.0
622230,Lodi Unified,CA,-0.3247061680244643,0.0168679290820023,2019,29567,12,2463.916666666667
4900930,Sevier District,UT,0.2381557781726605,0.0221487284518402,2019,4232,12,352.6666666666667
4818280,El Campo ISD,TX,-0.2070769604265325,0.0262235911233998,2019,2155,8,269.375
1739480,Tri Point CUSD 6-J,IL,0.2476763075203403,0.0467971156596692,2019,342,12,28.5
5600730,Albany County School District #1,WY,0.3166625434283762,0.0195099080294013,2019,3751,12,312.5833333333333
4020970,Muskogee,OK,-0.2830963005332866,0.0228873394170976,2019,4907,12,408.9166666666667
3904963,Northwest Local,OH,-0.0219249249747382,0.0311467090337792,2019,1090,10,109.0
4844370,Walcott ISD,TX,0.1542153275061106,0.0420459795856538,2019,110,6,18.33333333333333
3304230,Lebanon School District,NH,0.3795539153653694,0.0338682812338926,2019,1331,12,110.9166666666667
1735970,Indian Creek CUSD 425,IL,0.1675281597628151,0.0376173756040205,2019,630,12,52.5
2629130,Posen Consolidated School District No. 9,MI,0.1098586144791296,0.0480175342314251,2019,186,12,15.5
5305160,Montesano School District,WA,0.0838996750606949,0.0301333758694689,2019,1352,12,112.6666666666667
3200480,Washoe County,NV,-0.0829784036853766,0.0141462641736693,2019,62525,12,5210.416666666667
4016170,Kellyville,OK,0.0358772984630146,0.0339154869843364,2019,760,12,63.33333333333334
610980,Delphic Elementary,CA,-0.5832016667179175,0.0526061994857976,2019,74,12,6.166666666666667
3303960,Inter-Lakes Cooperative School District,NH,0.2187829287549981,0.0378000071424509,2019,758,10,75.8
2612300,Dundee Community Schools,MI,0.2985845448899189,0.0298592458382002,2019,1540,12,128.3333333333333
1802040,Northwestern School Corporation,IN,0.1688020370834168,0.0277663323293424,2019,1680,12,140.0
5303330,Griffin School District,WA,0.2634297250694717,0.0361862286958734,2019,788,11,71.63636363636364
4807780,Aledo ISD,TX,0.5557278168114099,0.0240767020252144,2019,3951,8,493.875
2906540,Callao C-8,MO,-0.0878133011582226,0.0665975679811589,2019,68,11,6.181818181818182
2502100,Ashland,MA,0.6423852588016055,0.0267409676398695,2019,2446,12,203.8333333333333
4009060,Crooked Oak,OK,-0.4593043369064566,0.0313457749313485,2019,1070,12,89.16666666666667
2609570,Chippewa Valley Schools,MI,0.1261432727757243,0.0193177094767044,2019,14175,12,1181.25
5508070,Linn J6 School District,WI,0.6779633015151512,0.0501878824159955,2019,164,12,13.66666666666667
100060,Andalusia City,AL,-0.3092170466134352,0.0313977656996528,2019,1637,12,136.4166666666667
3904601,Union Local,OH,-0.0973367984628348,0.029120942969083,2019,1113,10,111.3
2927870,Senath-Hornersville C-8,MO,-0.3433775977083253,0.0390289956743311,2019,630,11,57.27272727272727
3904884,Franklin Local,OH,0.0338805756886831,0.0278007550845496,2019,1611,10,161.1
4107080,Klamath Falls City Schools,OR,-0.3351938433891141,0.0286326628032994,2019,2482,12,206.8333333333333
506210,Fordyce School District,AR,-0.4796322179528688,0.0380995012349956,2019,759,12,63.25
4843920,Van ISD,TX,0.0254098388067346,0.0294861422935768,2019,1479,8,184.875
3025950,Terry K-12 Schools,MT,-0.1025621908212602,0.0451639184532013,2019,128,12,10.66666666666667
3401410,Belmar Elementary School District,NJ,0.0356010319278771,0.039809617750627,2019,590,11,53.63636363636363
3410810,Morris School District,NJ,0.4026419986712308,0.0262426037796951,2019,4188,11,380.7272727272727
2927330,Hardeman R-X,MO,0.150143145310897,0.0654661297619284,2019,77,11,7.0
1807770,North Gibson School Corporation,IN,-0.1133552009221242,0.0295903159659465,2019,1821,12,151.75
3408220,Lakewood Township School District,NJ,-0.3805695399211182,0.0224251465039337,2019,5026,11,456.9090909090909
1708580,Carrier Mills-Stonefort CUSD 2,IL,-0.4435347730310234,0.043540685992939,2019,360,12,30.0
604350,Bella Vista Elementary,CA,-0.0989065071095391,0.0403702951153923,2019,410,10,41.0
2803530,Petal School District,MS,0.5519755393294193,0.022296160382273,2019,3780,12,315.0
4828650,Lytle ISD,TX,-0.5070189759788932,0.0327374230567374,2019,1066,8,133.25
2103900,Mayfield Independent,KY,-0.1738273125063797,0.0298304586948897,2019,1667,12,138.9166666666667
3400870,Alpine Public School District,NJ,1.185961177451925,0.0492916870348704,2019,141,9,15.66666666666667
4210110,North Schuylkill SD,PA,-0.143743797606296,0.0269859789359847,2019,1946,12,162.1666666666667
2617700,Harbor Springs School District,MI,0.2888990097234371,0.0366676516598358,2019,688,12,57.33333333333334
2928470,South Iron County R-I,MO,-0.2024413634555626,0.0490438770124733,2019,281,11,25.54545454545455
2800196,Winona-Montgomery Consolidated,MS,-0.3414139882661781,0.0276305705334062,2019,1236,12,103.0
3704140,Sampson County Schools,NC,0.1261291819313078,0.0184232637852044,2019,7315,12,609.5833333333334
600020,Pleasanton Unified,CA,0.7536503198239756,0.0190719328184681,2019,13576,12,1131.333333333333
1730930,Pawnee CUSD 11,IL,0.0276752307524526,0.0408339741328982,2019,516,12,43.0
601410,Lammersville Joint Unified,CA,0.4634275111031498,0.0214336511319644,2019,5418,12,451.5
2608580,Center Line Public Schools,MI,-0.4742556816038451,0.0283251987667925,2019,2248,12,187.3333333333333
2918360,Leeton R-X,MO,0.2965162405608219,0.0514021818381185,2019,239,11,21.72727272727273
3703060,Montgomery County Schools,NC,-0.1988547532777193,0.0219620777279374,2019,3550,12,295.8333333333333
625500,Montecito Union Elementary,CA,0.981039820268106,0.040983922646372,2019,475,8,59.375
1303360,Long County,GA,-0.1267858341333537,0.0224877953565979,2019,3562,12,296.8333333333333
802070,Alamosa School District No. Re-11J,CO,-0.1723011183879273,0.0347650155096756,2019,1552,8,194.0
2200540,East Baton Rouge Parish,LA,-0.4455250243873127,0.0197662232955576,2019,40802,12,3400.166666666667
2201440,St. Charles Parish,LA,0.0477117587317653,0.0216277444309538,2019,8633,12,719.4166666666666
102010,Lauderdale County,AL,-0.0849919995891288,0.0212855211381798,2019,7431,12,619.25
4024630,Pocola,OK,-0.1664493575945096,0.0342424991726655,2019,668,12,55.66666666666666
507170,Hackett School District,AR,-0.2053260081368209,0.0391279883097193,2019,652,12,54.33333333333334
5503150,Darlington Community School District,WI,0.2640531538155588,0.0359344105074032,2019,733,12,61.08333333333334
637470,South Fork Union,CA,-0.4180284340264336,0.0419209602068593,2019,338,12,28.16666666666667
3704080,Rutherford County Schools,NC,0.1900612750083287,0.0178002643339379,2019,8862,12,738.5
2733720,Nett Lake Public School District,MN,-0.1524832191696944,0.0519776101539879,2019,74,8,9.25
5501770,Elmbrook School District,WI,0.717307622847069,0.0216589291288408,2019,6373,12,531.0833333333334
3810180,Kenmare 28,ND,0.0198548388158321,0.0460402040782392,2019,297,12,24.75
2512930,Whitman-Hanson,MA,0.201819489868454,0.0231659029812308,2019,3581,12,298.4166666666667
3173230,Madison Public Schools,NE,-0.4200939246957215,0.040367423348595,2019,430,12,35.83333333333334
2621420,Les Cheneaux Community Schools,MI,0.3341056969440522,0.0527637628800285,2019,121,7,17.28571428571428
2101380,Crittenden County,KY,-0.1568324732645709,0.0331152175218797,2019,1288,12,107.3333333333333
1710380,Skokie SD 73-5,IL,0.6027765749043384,0.0342762764356207,2019,1141,10,114.1
3817670,Starkweather 44,ND,0.0886837652745786,0.0614703358862956,2019,74,12,6.166666666666667
1900006,North Fayette Valley Community School District,IA,0.1975493775019367,0.0363737978094531,2019,996,12,83.0
4502340,Greenwood 50,SC,-0.3865773054656061,0.0203743986109666,2019,8362,12,696.8333333333334
2008100,Kinsley-Offerle,KS,0.0827702881852089,0.044313036518462,2019,288,12,24.0
2702730,Adrian Public School District,MN,-0.0104923909749799,0.0367013374897151,2019,511,12,42.58333333333334
1601260,Gooding Joint District,ID,-0.2848750957496681,0.0302535000702141,2019,1540,12,128.3333333333333
2708910,Chisholm Public School District,MN,0.0437098300818754,0.0341002448151711,2019,687,12,57.25
2635460,Watervliet School District,MI,-0.0667701744305254,0.030211794165224,2019,1222,12,101.8333333333333
4603720,Arlington School District 38-1,SD,0.5281871019678767,0.0448951646995804,2019,221,11,20.09090909090909
3904923,Streetsboro City,OH,0.0558614377325445,0.0275608201015494,2019,1674,10,167.4
2004650,Chase-Raymond,KS,-0.7432023951177184,0.0615842718329657,2019,120,10,12.0
1907350,Clarinda Community School District,IA,-0.3164495743493464,0.0374839204534412,2019,1008,12,84.0
3412120,Oceanport School District,NJ,0.6417776020804159,0.0365573428798207,2019,701,11,63.72727272727273
3904919,Field Local,OH,0.3479663594500159,0.0303184008646172,2019,1635,10,163.5
4839030,San Saba ISD,TX,-0.1054253090945014,0.0398308299134978,2019,448,8,56.0
2505970,Haverhill,MA,-0.1040570340844122,0.0204731664484495,2019,8399,12,699.9166666666666
4825200,Kaufman ISD,TX,-0.1626142272807294,0.024910422083245,2019,2494,8,311.75
2100720,Breckinridge County,KY,0.1480389115276751,0.0258166976249545,2019,2374,12,197.8333333333333
1721630,La Grange SD 105 South,IL,0.4762953957729538,0.0319400977720522,2019,1734,12,144.5
4827240,Levelland ISD,TX,-0.3397976228822855,0.0261274339916342,2019,1714,8,214.25
5512120,Poynette School District,WI,0.3324638733428527,0.0353743196958755,2019,928,12,77.33333333333333
1742990,Shawnee CUSD 84,IL,-0.3698536928799127,0.0499409367209303,2019,240,12,20.0
4704200,Tullahoma,TN,-0.2720686045999303,0.0237452413666887,2019,3038,11,276.1818181818182
2926890,Rolla 31,MO,0.1330464508082688,0.0234534064965883,2019,3340,11,303.6363636363636
5504830,Franklin Public School District,WI,0.6595594479126266,0.0230804668183273,2019,4096,12,341.3333333333333
613840,Firebaugh-Las Deltas Unified,CA,-0.2125153188164126,0.0244173351634759,2019,2034,12,169.5
4900240,Duchesne District,UT,-0.0528323363999121,0.0227872556058822,2019,4640,12,386.6666666666667
2010950,Quinter Public Schools,KS,0.2935900878164271,0.0463398992254673,2019,288,12,24.0
4222260,Southern Columbia Area SD,PA,0.2673517621018995,0.0308057088045641,2019,1256,12,104.6666666666667
2931440,Waynesville R-VI,MO,0.1229685783045127,0.0212883808124441,2019,5131,11,466.4545454545454
2508040,Monson,MA,0.1983092923092618,0.0339899900501331,2019,781,12,65.08333333333333
5102980,Poquoson City Public Schools,VA,0.4606347648570658,0.038460493520621,2019,1263,8,157.875
4826280,La Vega ISD,TX,-0.2462317636006601,0.0261352185350015,2019,1841,8,230.125
101690,Guntersville City,AL,-0.0558973650889508,0.0295942957144765,2019,1694,12,141.1666666666667
1741070,Waterloo CUSD 5,IL,0.678015653028588,0.0268788423267334,2019,2500,12,208.3333333333333
1735220,Salt Creek SD 48,IL,0.0971365714845461,0.041075452955173,2019,618,12,51.5
2605010,Berkley School District,MI,0.541053204260427,0.0439896753654046,2019,402,6,67.0
609480,Columbia Union,CA,-0.3444384271606524,0.0345725845937563,2019,650,12,54.16666666666666
5305370,East Valley School District (Yakima),WA,0.0631524970767872,0.0266596770810367,2019,2929,11,266.2727272727273
5500052,Trevor-Wilmot Consolidated School District,WI,0.5009832228481692,0.0367163349346227,2019,688,12,57.33333333333334
4017020,Deer Creek-Lamont,OK,0.1939063045341615,0.0572217004092,2019,117,11,10.63636363636364
2200810,Jefferson Davis Parish,LA,-0.2101461595878351,0.023217145917246,2019,5072,12,422.6666666666667
2620010,Kaleva Norman Dickson School District,MI,-0.4015247299103019,0.0401199538064074,2019,489,12,40.75
3006870,Clinton Elementary,MT,-0.2078791286819856,0.0431894762404746,2019,246,12,20.5
2630930,Saranac Community Schools,MI,0.0592593030827663,0.0346717213881814,2019,853,12,71.08333333333333
4814730,Comal ISD,TX,0.275589827197413,0.0180232439936677,2019,15371,8,1921.375
4220400,Ringgold SD,PA,-0.1347714249515951,0.0265378651537386,2019,2570,12,214.1666666666667
2000014,Central Heights,KS,0.1281661977547623,0.0415949932432874,2019,474,12,39.5
4836780,Refugio ISD,TX,-0.2627477802226876,0.040732587253333,2019,438,8,54.75
3414340,Roxbury Township School District,NJ,0.3647561558769132,0.0265141236624094,2019,2755,11,250.4545454545455
4215960,Moshannon Valley SD,PA,-0.0528868886826936,0.0360337357640938,2019,771,12,64.25
4845690,Whitharral ISD,TX,0.0084166651058978,0.053464983316259,2019,115,8,14.375
4841880,Sunnyvale ISD,TX,0.3244425010904994,0.0306788299662938,2019,1455,8,181.875
4840740,Somerset ISD,TX,-0.3408326619467845,0.0255827325443547,2019,2454,8,306.75
2008910,Logan,KS,-0.0171136452888819,0.058868178212729,2019,100,12,8.333333333333334
636270,Selma Unified,CA,-0.4360298536578725,0.0204553961836131,2019,5898,12,491.5
4808670,Argyle ISD,TX,0.449821658886776,0.026413389157397,2019,1966,8,245.75
3416380,Union City School District,NJ,0.0482423437465621,0.0215726776755839,2019,9678,11,879.8181818181819
1200840,Highlands,FL,-0.144794347443087,0.0182579756242502,2019,9413,10,941.3
2100210,Ballard County,KY,-0.0979050914547551,0.0360451899010159,2019,966,12,80.5
4104530,Echo SD 5,OR,0.2242590124174802,0.0469632837780354,2019,253,12,21.08333333333333
4846770,Zephyr ISD,TX,-0.004514095541033,0.0506138479934167,2019,132,8,16.5
509510,Marvell-Elaine School District,AR,-1.036024223961392,0.0486480907050577,2019,319,12,26.58333333333333
3806360,Emerado 127,ND,-0.4648868598008535,0.0610993151129146,2019,120,12,10.0
1714430,Eureka CUD 140,IL,0.3677171961937791,0.0309421153978433,2019,1467,12,122.25
1728890,North Palos SD 117,IL,0.8004788299353764,0.0250780030055409,2019,4339,12,361.5833333333333
610620,Davis Joint Unified,CA,0.4535891806588507,0.0211385476761822,2019,7548,12,629.0
2614730,Fowlerville Community Schools,MI,-0.055038761146482,0.0247696400876876,2019,2585,12,215.4166666666667
642900,Winship-Robbins,CA,-0.1612254990146356,0.0423396012601264,2019,240,10,24.0
404770,Altar Valley Elementary District (4418),AZ,-0.4649804196782152,0.0367874403433264,2019,757,11,68.81818181818181
2741430,Wabasso Public School District,MN,0.0673129178086633,0.0409315133181564,2019,340,12,28.33333333333333
642580,Laytonville Unified,CA,-0.6401960972815913,0.0474343106400486,2019,180,6,30.0
1914580,Independence Community School District,IA,0.0426492369321128,0.0337817242553466,2019,1198,12,99.83333333333331
4701740,Hawkins County,TN,-0.1780097180982773,0.0205614644656816,2019,5366,11,487.8181818181818
3409900,Mendham Borough School District,NJ,0.877313799669193,0.0368925979075979,2019,669,11,60.81818181818182
3800050,Mohall-Lansford-Sherwood 1,ND,0.4673983322980199,0.0472896087906456,2019,288,12,24.0
4900090,Box Elder District,UT,0.1301566581083028,0.0182456158123741,2019,11448,12,954.0
4222980,Susquehanna Community SD,PA,-0.0040896283144907,0.0375949533084567,2019,691,12,57.58333333333334
1304890,Thomas County,GA,-0.3160053883623226,0.021727044935127,2019,5186,12,432.1666666666667
1800480,Benton Community School Corporation,IN,0.1079693734562108,0.0286975314985773,2019,1566,12,130.5
2700001,Mountain Iron-Buhl School District,MN,0.0728162431706034,0.0364217978296024,2019,529,12,44.08333333333334
2703150,Annandale Public School District,MN,0.39522570886796,0.0262740220872427,2019,1920,12,160.0
3028140,Willow Creek Elementary,MT,-0.1372930552024173,0.0468180509783651,2019,61,11,5.545454545454546
5516290,West Bend School District,WI,0.3737434714073812,0.0218066240741483,2019,5455,12,454.5833333333333
2715750,Jordan Public School District,MN,0.2838414341514861,0.02627039017764,2019,1818,12,151.5
1706000,Berkeley SD 87,IL,-0.4330031078789666,0.0249682179081189,2019,3375,12,281.25
4820460,Gary ISD,TX,0.0144863526268568,0.0401356238461474,2019,299,8,37.375
4027000,Savanna,OK,-0.0382612578043027,0.0493355172215522,2019,210,11,19.09090909090909
4101470,Arlington SD 3,OR,0.0906286311443366,0.0506080728495387,2019,146,11,13.27272727272727
4501110,Beaufort 01,SC,-0.0854195688761326,0.0180590304043152,2019,21418,12,1784.833333333333
4626970,Gettysburg School District 53-1,SD,0.4710800786012792,0.0463252622325055,2019,208,12,17.33333333333333
5512960,Richland School District,WI,-0.1533558426021417,0.0334710292547706,2019,1086,12,90.5
1716020,Galatia CUSD 1,IL,-0.1444650045126582,0.0450458836365662,2019,357,12,29.75
4503870,York 03,SC,-0.176842803310428,0.0182179799875907,2019,18085,12,1507.083333333333
4215030,Mechanicsburg Area SD,PA,0.33244656447953,0.0241373359912497,2019,4008,12,334.0
4841970,Sweeny ISD,TX,-0.2783505197712143,0.0316460236202545,2019,1140,8,142.5
2703030,Alden-Conger Public School District,MN,0.1252857734347033,0.0429294936947298,2019,233,6,38.83333333333334
4017190,Latta,OK,0.0943052411828626,0.0337576055354354,2019,806,12,67.16666666666667
2919890,Malden R-I,MO,-0.3385698442023325,0.039297339169367,2019,782,11,71.0909090909091
3701620,Gaston County Schools,NC,-0.0271754373417344,0.0161682045140285,2019,31538,12,2628.166666666667
4220970,Schuylkill Valley SD,PA,0.219408087006648,0.0277300424363527,2019,1749,11,159.0
1700113,Illini Central CUSD 189,IL,-0.0824059056795317,0.0406615134585074,2019,592,12,49.33333333333334
5305430,Mukilteo School District,WA,-0.0976090341119482,0.021054682607608,2019,14047,12,1170.583333333333
2913530,Halfway R-III,MO,-0.0349176446343099,0.049664347046115,2019,205,11,18.63636363636364
2507990,Mohawk Trail,MA,0.1239207749561155,0.0341994032591803,2019,744,12,62.0
622650,Los Altos Elementary,CA,1.174909717470432,0.0254212100453724,2019,7036,12,586.3333333333334
5302820,Federal Way School District,WA,-0.4216424918696693,0.0202144321177738,2019,20060,12,1671.666666666667
606810,Cajon Valley Union,CA,-0.3387123110029919,0.0174201365026502,2019,24159,12,2013.25
2103330,Leslie County,KY,0.0237016088739514,0.0282738412484557,2019,1594,12,132.8333333333333
4025860,Ringling,OK,-0.6037850906533724,0.0492006874247637,2019,284,12,23.66666666666667
2617370,Hale Area Schools,MI,0.0405312344914916,0.0494415982157421,2019,204,8,25.5
1602970,Snake River District,ID,0.0233367506591386,0.0270701611902484,2019,1693,12,141.0833333333333
5516350,West Salem School District,WI,0.4271514452447084,0.0289023091200557,2019,1653,12,137.75
3904366,Brunswick City,OH,0.3581757276207675,0.021487456131908,2019,5224,10,522.4
500015,Sheridan School District,AR,-0.0525912871865504,0.0243969823035963,2019,3892,12,324.3333333333333
506840,Gravette School District,AR,0.0689197687105807,0.0311801912443029,2019,1798,12,149.8333333333333
2923340,Gasconade County R-II,MO,-0.0267965855255077,0.030607183803872,2019,1520,11,138.1818181818182
3303360,Grantham School District,NH,1.117375340944029,0.0571205264894838,2019,238,8,29.75
1733380,Reed Custer CUSD 255U,IL,0.3414870448424407,0.0307338420115743,2019,1205,12,100.4166666666667
4810710,Boerne ISD,TX,0.3544667995621196,0.0211201749292731,2019,5745,8,718.125
4222370,Southern Tioga SD,PA,-0.1195647416293872,0.0296056003985345,2019,1594,12,132.8333333333333
4608520,Brookings School District 05-1,SD,0.1405868812933044,0.0220973638823795,2019,3148,12,262.3333333333333
4015370,Idabel,OK,-0.2253817976584303,0.0320401257158466,2019,1013,12,84.41666666666667
1714710,Fairfield PSD 112,IL,-0.046603341116417,0.0378607587564719,2019,742,12,61.83333333333334
3701260,Durham Public Schools,NC,-0.2298029568594367,0.016342255111896,2019,36746,12,3062.166666666667
1705610,Belleville SD 118,IL,-0.0769761058722015,0.02304107162457,2019,4800,12,400.0
637630,Southern Trinity Joint Unified,CA,-0.0480698032997614,0.0489057208465297,2019,82,10,8.2
3100099,Centennial Public Schools,NE,-0.1124701494692989,0.0462282825754545,2019,246,8,30.75
1601950,Marsh Valley Joint District,ID,0.2686470805366343,0.0293658443921405,2019,1222,12,101.8333333333333
904290,Stafford School District,CT,0.0853053414204147,0.0267180535628266,2019,1390,12,115.8333333333333
3172420,Kenesaw Public Schools,NE,-0.0165222487551905,0.0414357656509306,2019,218,12,18.16666666666667
503710,Buffalo Is. Central School District,AR,-0.0020411574914456,0.0395386892960837,2019,676,12,56.33333333333334
4821000,Goldthwaite ISD,TX,-0.0029246406401858,0.0423394098867954,2019,407,8,50.875
3414250,Roseland School District,NJ,0.913177553211496,0.0435719117795666,2019,511,8,63.875
3027570,West Valley Elementary,MT,0.3074743409241714,0.0310912049297198,2019,869,12,72.41666666666667
2916860,Oregon-Howell R-III,MO,-0.4185619658920813,0.0591660044424434,2019,170,11,15.45454545454546
2928430,South Callaway County R-II,MO,0.1008342132663955,0.0410709498532608,2019,640,11,58.18181818181818
2104590,Owensboro Independent,KY,-0.1136602009527871,0.0225694185329762,2019,4423,12,368.5833333333333
4032010,Wayne,OK,-0.113078670288044,0.0422582120737647,2019,380,12,31.66666666666667
4202910,Bald Eagle Area SD,PA,0.2370560690137728,0.0305298268415077,2019,1378,12,114.8333333333333
629790,Paradise Elementary,CA,0.2680649575221448,0.0451225489379007,2019,240,11,21.81818181818182
2003210,North Lyon County,KS,0.0737620006027008,0.0441864982086988,2019,333,12,27.75
904350,Sterling School District,CT,-0.1779613957863374,0.0357645777165599,2019,483,12,40.25
405880,Palominas Elementary School District 49 (4180),AZ,0.024904335643083,0.0314242830077134,2019,1150,11,104.5454545454545
4014130,Healdton,OK,-0.2984863460351506,0.0401709283944971,2019,425,12,35.41666666666666
4826430,Lake Dallas ISD,TX,0.0231139598243661,0.023639791566447,2019,2973,8,371.625
1803780,Fremont Community Schools,IN,0.2317963282729357,0.0337126264826441,2019,912,12,76.0
901470,Enfield School District,CT,-0.0648321894685505,0.0210846284436817,2019,4480,12,373.3333333333333
506690,Centerpoint School District,AR,-0.1195083626335286,0.0360402005435526,2019,887,12,73.91666666666667
2302280,Alexander Public Schools,ME,-0.0582328418314193,0.0548582807464788,2019,48,11,4.363636363636363
2005550,Dighton,KS,0.1584751116110529,0.0506589727100193,2019,190,12,15.83333333333333
2928950,Francis Howell R-III,MO,0.5136896486516674,0.0189523271456059,2019,13966,11,1269.636363636364
4701020,Dickson County,TN,0.112749975670292,0.019763914537642,2019,6900,11,627.2727272727273
4830360,Irion County ISD,TX,0.0004507174095406,0.049492871929055,2019,155,8,19.375
5100780,Charlottesville City Public Schools,VA,-0.0321587544943858,0.0363527836331194,2019,2628,8,328.5
2633750,Tekonsha Community Schools,MI,-0.5499804005807414,0.0482856830178481,2019,210,12,17.5
2626940,Dollar Bay-Tamarack City Area Schools,MI,-0.0375757871059616,0.0455336507470469,2019,290,12,24.16666666666667
2705790,Bloomington Public School District,MN,-0.0048837136093546,0.0200163079167058,2019,9724,12,810.3333333333334
4105910,Grants Pass SD 7,OR,-0.0450308834923895,0.0213971214572613,2019,5544,12,462.0
101320,Enterprise City,AL,0.0231049174170095,0.0228601020009098,2019,6257,12,521.4166666666666
3003800,Big Timber Elementary,MT,-0.0076595856487241,0.0373835048402378,2019,444,12,37.0
101890,Jasper City,AL,-0.1372370613852957,0.0281740515093284,2019,2468,12,205.6666666666667
409733,Sedona-Oak Creek JUSD #9 (4467),AZ,-0.4584498798938331,0.040228888817003,2019,716,11,65.0909090909091
4844890,Wellington ISD,TX,-0.2053716393334594,0.0411296008412439,2019,355,8,44.375
3172335,Johnson-Brock Public Schools,NE,0.5107163974088589,0.0390025817141677,2019,336,12,28.0
3176860,So Sioux City Community Schools,NE,0.066442297490229,0.0231647295744764,2019,3296,12,274.6666666666667
804110,Fowler School District No. R4J,CO,-0.1932397650100418,0.0521984923092985,2019,246,8,30.75
4845000,West Hardin County CISD,TX,-0.4163993903529061,0.047219550366787,2019,309,7,44.14285714285715
4033090,Woodall,OK,0.1830357850785013,0.0366369950532215,2019,528,12,44.0
4840890,Southland ISD,TX,-0.3227361318271418,0.0591920572098671,2019,78,8,9.75
3401950,Boonton Town Public School District,NJ,0.4057632203712311,0.0355505470476354,2019,890,11,80.9090909090909
2506420,Hull,MA,0.4159539144949162,0.0348473231303177,2019,711,12,59.25
620460,Pacifica,CA,0.1766758077435209,0.0225866432666778,2019,3996,12,333.0
4113170,West Linn-Wilsonville SD 3J,OR,0.4103052197720596,0.0198436250901555,2019,9175,12,764.5833333333334
4019560,Mcloud,OK,-0.2175455898667883,0.027611500686586,2019,1636,12,136.3333333333333
4842060,Taft ISD,TX,-0.7111656170880822,0.0385491761362294,2019,607,8,75.875
3401260,Bayonne School District,NJ,0.0889322732913259,0.0221229102550501,2019,8129,11,739.0
5606090,Weston County School District #7,WY,0.0226196251012597,0.0421180336438113,2019,214,12,17.83333333333333
2614690,Gwinn Area Community Schools,MI,-0.4345964208348022,0.0332845001879845,2019,947,12,78.91666666666667
2505070,Freetown-Lakeville,MA,0.2778528638655612,0.0245505633304799,2019,2792,12,232.6666666666667
3017610,Manhattan School,MT,0.3280164364562767,0.0326006526399777,2019,652,12,54.33333333333334
2802700,Louisville Municipal School District,MS,-0.0347503757584077,0.0220358179284491,2019,2750,12,229.1666666666667
2635220,Warren Woods Public Schools,MI,-0.1631436333656427,0.0247631436670181,2019,2765,12,230.4166666666667
4825680,Kingsville ISD,TX,-0.5789745432902937,0.0273954391944714,2019,2065,8,258.125
5300950,Cascade School District,WA,0.2226387227305072,0.0353559364388915,2019,1200,12,100.0
2803120,New Albany Public Schools,MS,0.1929367401708535,0.0246524083500078,2019,2002,12,166.8333333333333
4004500,Bixby,OK,0.3450732960181487,0.0196783520642569,2019,5974,12,497.8333333333333
632430,Richgrove Elementary,CA,-0.9669509148512712,0.0359437964440703,2019,816,12,68.0
2741850,Warroad Public School District,MN,0.1774427388251824,0.0311662349495416,2019,862,12,71.83333333333333
2003630,Augusta,KS,0.0289587482211749,0.027136839505128,2019,1933,12,161.0833333333333
4829280,Mason ISD,TX,0.1293383331678071,0.0390032530814871,2019,418,8,52.25
3409660,Maple Shade School District,NJ,-0.3075919507304202,0.0274584205750905,2019,1926,11,175.0909090909091
3417910,White Township Consolidated School District,NJ,0.2332668883985795,0.0456310541333359,2019,217,7,31.0
100420,Blount County,AL,-0.2749471720424714,0.0215613653337074,2019,6895,12,574.5833333333334
2314767,RSU 74/MSAD 74,ME,-0.22766824129701,0.0381746890507412,2019,562,12,46.83333333333334
2930510,Miller County R-III,MO,-0.3122396454017954,0.0592206459623346,2019,170,11,15.45454545454546
621090,Lassen View Union Elementary,CA,-0.0735318042412113,0.0370598051534747,2019,474,12,39.5
1800660,Blue River Valley Schools,IN,-0.063763653179583,0.0371920393481527,2019,636,12,53.0
2101860,Fayette County,KY,0.0712580986551093,0.017297134605495,2019,38488,12,3207.333333333333
625230,Mojave Unified,CA,-0.940545568181436,0.0281228570278081,2019,2688,12,224.0
514010,West Fork School District,AR,-0.2873051551251268,0.0370241690854911,2019,912,12,76.0
403060,Fowler Elementary District (4273),AZ,-0.5027471689351121,0.0223712587905187,2019,5298,11,481.6363636363636
2006930,Southern Lyon County,KS,0.2292898094155334,0.0434119365289652,2019,415,12,34.58333333333334
2803630,Picayune School District,MS,-0.1256486700275627,0.0217666361979023,2019,3113,12,259.4166666666667
4015690,Jay,OK,-0.3568497742179687,0.027944757614425,2019,1478,12,123.1666666666667
3811820,Mandan 1,ND,0.0369296498616958,0.0207557876024891,2019,3599,12,299.9166666666667
609450,Columbia Elementary,CA,0.0190401614697501,0.0246195755346526,2019,1673,12,139.4166666666667
4219500,Pocono Mountain SD,PA,-0.1067296369736525,0.0211780144887919,2019,7350,11,668.1818181818181
4844160,Vidor ISD,TX,-0.2396348501880964,0.0250631286884735,2019,2672,8,334.0
2506690,Lee,MA,0.2089614375011155,0.0363419365787679,2019,566,12,47.16666666666666
3904742,Arlington Local,OH,0.2908349477832899,0.0411476612458294,2019,401,10,40.1
4100020,North Santiam SD 29J,OR,-0.0706734850795661,0.0276422366650182,2019,2067,12,172.25
4210350,Frazier SD,PA,-0.0286023983460075,0.0455612936104908,2019,338,4,84.5
3406570,Hammonton School District,NJ,0.0637926986952598,0.0268559051351683,2019,2600,11,236.3636363636364
4400600,Little Compton,RI,0.394977113432567,0.039730447854735,2019,328,12,27.33333333333333
1304860,Terrell County,GA,-0.6051121039346664,0.0296062877926922,2019,1158,12,96.5
3100130,Cross County Community Schools,NE,0.3029484822631092,0.0417581214661839,2019,317,12,26.41666666666667
3904675,Buckeye Valley Local,OH,0.2733341840099254,0.0308369828893659,2019,1576,10,157.6
1741790,Westchester SD 92-5,IL,-0.0482303745937817,0.0306284798639172,2019,1483,12,123.5833333333333
4202550,Apollo-Ridge SD,PA,0.0111270923245284,0.032196385191213,2019,1064,12,88.66666666666667
4812640,Cameron ISD,TX,-0.2007159257952134,0.032348601719228,2019,1014,8,126.75
103510,Wilcox County,AL,-1.122552840958047,0.0333483418829927,2019,1303,12,108.5833333333333
5512810,Rice Lake Area School District,WI,0.2230858037055727,0.0282162879310726,2019,1883,12,156.9166666666667
4109120,Oakland SD 1,OR,0.0726387148327528,0.040593092228766,2019,568,12,47.33333333333334
627240,Newport-Mesa Unified,CA,0.1972246622050963,0.0177290522276378,2019,18118,12,1509.833333333333
607200,Campbell Union,CA,0.1065874121978443,0.020521331498031,2019,9073,12,756.0833333333334
3000094,West Glacier Elementary,MT,0.6954123896561745,0.0478987794799368,2019,58,8,7.25
4828140,Loop ISD,TX,-0.1992206353716021,0.0556717634839917,2019,91,8,11.375
2101760,Estill County,KY,-0.1860259941489144,0.0275438651903273,2019,2056,12,171.3333333333333
611110,Desert Sands Unified,CA,-0.2149112223722775,0.0171161376939676,2019,25098,12,2091.5
4033600,Zion,OK,-0.0716867205544374,0.044122644833082,2019,370,12,30.83333333333333
1903540,Ames Community School District,IA,0.230876915526302,0.0261488890808605,2019,4160,12,346.6666666666667
3412900,Pequannock Township School District,NJ,0.7148308629180399,0.0311202609629952,2019,1664,11,151.2727272727273
3176620,Shelton Public Schools,NE,-0.2174333613961196,0.0474398631004989,2019,206,12,17.16666666666667
1811260,Tell City-Troy Twp School Corporation,IN,0.3449286026560885,0.0335009238665157,2019,1281,12,106.75
643380,Yreka Union Elementary,CA,-0.4021778725023678,0.0304622879644501,2019,1398,12,116.5
2912870,Gilman City R-IV,MO,-0.0815658993268256,0.0595523931237259,2019,125,11,11.36363636363636
4827450,Liberty ISD,TX,-0.2398764517718326,0.0300010380375553,2019,1354,8,169.25
4217580,Northern Bedford County SD,PA,0.3367194654255533,0.0359583611900965,2019,749,12,62.41666666666666
3405310,Fort Lee School District,NJ,0.7336647427071094,0.0276358037787964,2019,3507,11,318.8181818181818
3701830,Greene County Schools,NC,-0.3965430047830248,0.0245608377472522,2019,2826,12,235.5
4822470,Harlandale ISD,TX,-0.2630749840192073,0.018886031122146,2019,9253,8,1156.625
506150,Flippin School District,AR,-0.2316319367563763,0.0370094199125819,2019,832,12,69.33333333333333
1304110,Pickens County,GA,-0.1357878695939135,0.0257354482332751,2019,2872,9,319.1111111111111
607170,Camino Union Elementary,CA,0.1020276428955789,0.0358665732053453,2019,515,12,42.91666666666666
2721450,Moose Lake Public School District,MN,0.0778600365371578,0.0357593363866002,2019,600,12,50.0
1802520,Culver Community Schools Corporation,IN,-0.0769568875123147,0.0380507793709108,2019,708,12,59.0
2102760,Henry County,KY,-0.2364874719366037,0.0297230563114497,2019,1852,12,154.3333333333333
5508820,Marshfield Unified School District,WI,0.3444682494962192,0.0238996506897735,2019,3436,12,286.3333333333333
2011280,Pawnee Heights,KS,0.519929328146856,0.0599549697818374,2019,92,11,8.363636363636363
1721420,Komarek SD 94,IL,0.121782009091856,0.0399233099045887,2019,687,12,57.25
1739180,Tonica CCSD 79,IL,-0.2834610991083708,0.0509253242806593,2019,220,12,18.33333333333333
1732520,Prairie Grove CSD 46,IL,0.5117193767481815,0.0376150449527272,2019,858,12,71.5
2930330,Tipton R-VI,MO,-0.2486963278014039,0.0424780782748102,2019,425,11,38.63636363636363
3414460,Rutherford School District,NJ,0.5675685874671691,0.0284892628836919,2019,2187,11,198.8181818181818
404630,Marana Unified District (4404),AZ,-0.0214568796584504,0.0184909224142932,2019,12847,11,1167.909090909091
623010,Lowell Joint,CA,0.1640834217058049,0.0216120555070109,2019,4269,12,355.75
2632300,South Haven Public Schools,MI,-0.1694544465387028,0.0280181877180206,2019,1794,12,149.5
5512540,Kickapoo Area School District,WI,-0.0562366559816135,0.0410603957688089,2019,476,12,39.66666666666666
1810900,Southwest Parke Community School Corporation,IN,-0.1288673921397795,0.0348450625564903,2019,950,12,79.16666666666667
4005340,Bray-Doyle,OK,-0.2486571123083707,0.0452715163800926,2019,268,12,22.33333333333333
103450,Walker County,AL,-0.3534671600083518,0.0216414821332186,2019,6506,12,542.1666666666666
2512630,Westfield,MA,0.0968211467517395,0.0227121584371989,2019,4615,12,384.5833333333333
3415990,Swedesboro-Woolwich School District,NJ,0.361189799762964,0.0250826643103198,2019,3345,11,304.0909090909091
2008280,Lakin,KS,-0.2686794962754492,0.0360536292568954,2019,612,12,51.0
5103460,Salem City Public Schools,VA,0.1230733561798156,0.034088554624857,2019,2336,8,292.0
3303420,Greenland School District,NH,0.7816158324300281,0.0457225749542175,2019,334,8,41.75
5513710,Shell Lake School District,WI,0.0128816805069429,0.0372699252782019,2019,620,12,51.66666666666666
4821330,Graford ISD,TX,-0.3917955207817093,0.0467091704436524,2019,228,8,28.5
2609750,Clare Public Schools,MI,-0.0815388980542035,0.0283573583379841,2019,1481,12,123.4166666666667
2717570,Lake Of The Woods School District,MN,-0.2345066628260739,0.038487125189882,2019,398,12,33.16666666666666
636840,Simi Valley Unified,CA,-0.053361272264941,0.0178137068791543,2019,14309,12,1192.416666666667
1927500,West Central Valley Community School District,IA,-0.001758590606329,0.0378666828491877,2019,776,12,64.66666666666667
2501860,Amesbury,MA,0.2851849767043209,0.0281912595001338,2019,1928,12,160.6666666666667
4675600,Smee School District 15-3,SD,-0.5411604157625998,0.0440756975222236,2019,174,12,14.5
2502160,Athol-Royalston,MA,-0.152340879428037,0.0300706672205991,2019,1359,12,113.25
4822120,Hallettsville ISD,TX,-0.0348720155615675,0.0339605590166497,2019,698,8,87.25
2512870,Whately,MA,0.3574405448198586,0.0441149833805868,2019,131,8,16.375
101740,Henry County,AL,-0.4650817516069271,0.0269443091277325,2019,2303,12,191.9166666666667
4622410,Estelline School District 28-2,SD,0.034359164216157,0.0451317674227046,2019,241,12,20.08333333333333
3013860,Hellgate Elementary,MT,0.2968665003967387,0.0252852063553948,2019,2005,12,167.0833333333333
3900537,Manchester Local,OH,-0.0206425912502063,0.0355758889725681,2019,685,10,68.5
1602520,Orofino Joint District,ID,0.08436356132327,0.031821782230074,2019,977,12,81.41666666666667
4701800,Henderson County,TN,0.215833409138479,0.0221769051671729,2019,3158,11,287.0909090909091
3803060,Bottineau 1,ND,0.1262625401676312,0.0354655857147074,2019,612,12,51.0
1801560,Centerville-Abington Community Schools,IN,0.2374904087730086,0.0272262259082149,2019,1632,12,136.0
2800820,Booneville School District,MS,0.3078534537113545,0.0297298968803283,2019,1225,12,102.0833333333333
4632340,Henry School District 14-2,SD,-0.0931716104076442,0.0484987662431025,2019,146,12,12.16666666666667
620370,Laguna Beach Unified,CA,0.7935492310487366,0.0266322617927474,2019,2580,12,215.0
4831620,Mount Calm ISD,TX,-0.3835252741609448,0.0520568668069587,2019,102,8,12.75
4837410,Robinson ISD,TX,0.1358423158072343,0.0272211803150078,2019,1505,8,188.125
2505400,Granby,MA,0.0960643047424908,0.0354943041044189,2019,630,12,52.5
4005010,Boone-Apache,OK,-0.1556611406895715,0.0379362042526551,2019,470,12,39.16666666666666
5508670,Marathon City School District,WI,0.2590090436008099,0.0390752533090689,2019,588,12,49.0
1909120,Dike-New Hartford Community School District,IA,0.2447213152440109,0.0386329303649478,2019,790,12,65.83333333333333
4816770,Denver City ISD,TX,-0.238652928081152,0.0309830610826846,2019,1055,8,131.875
637530,South San Francisco Unified,CA,-0.0831058571162786,0.0202236783039707,2019,7509,12,625.75
5103130,Prince William County Public Schools,VA,0.1089689396994521,0.0193127848856692,2019,55022,8,6877.75
1708460,Carlyle CUSD 1,IL,0.1105841310314845,0.0349850604561121,2019,956,12,79.66666666666667
1600630,Cascade District,ID,-0.061509098134307,0.0581864382015002,2019,140,10,14.0
1600480,Buhl Joint District,ID,-0.3417642026992208,0.0328520648392184,2019,1216,12,101.3333333333333
4006330,Cameron,OK,-0.5604356065763964,0.0517561501102154,2019,228,12,19.0
4825920,Kountze ISD,TX,-0.1580888673139764,0.0353482393070138,2019,694,8,86.75
1302580,Habersham County,GA,0.0616248116757287,0.0205877711491228,2019,6206,12,517.1666666666666
4819080,Farmersville ISD,TX,0.0613504546993693,0.0295525689799672,2019,1087,8,135.875
1714410,Eswood CCSD 269,IL,0.3122975966222342,0.0636534447735761,2019,66,8,8.25
608760,Claremont Unified,CA,0.1729893163020561,0.0202460646102169,2019,5998,12,499.8333333333333
2616380,Grand Haven Area Public Schools,MI,0.4496717921336812,0.0221546818979126,2019,5910,12,492.5
5509660,Mineral Point Unified School District,WI,0.6344769649867146,0.0365996063456381,2019,656,12,54.66666666666666
634425,San Gabriel Unified,CA,0.1344837913686073,0.0230418639270881,2019,4421,12,368.4166666666667
5511400,Paris J1 School District,WI,0.5110442436452743,0.0395466546466176,2019,370,12,30.83333333333333
1304830,Telfair County,GA,-0.2951304512142645,0.0293345580271474,2019,1484,12,123.6666666666667
5510350,Neillsville School District,WI,0.0157344208750732,0.0351339004487698,2019,812,12,67.66666666666667
5302010,Davenport School District,WA,0.2376219168894532,0.0379932446832749,2019,504,12,42.0
5501020,Belmont Community School District,WI,0.0620152967380443,0.0429456055335033,2019,345,12,28.75
618660,Jacoby Creek Elementary,CA,0.5242264553043902,0.0348370845505276,2019,612,12,51.0
2314300,RSU 58/MSAD 58,ME,0.1870105368165229,0.0354631018506131,2019,592,12,49.33333333333334
3410710,Moorestown Township Public School District,NJ,0.6590194906702427,0.0259798578644668,2019,3326,11,302.3636363636364
2916830,Knob Noster R-VIII,MO,0.1493504711206207,0.0310847383736409,2019,1297,11,117.9090909090909
616260,Guadalupe Union Elementary,CA,-0.8121188076029902,0.0303530349830196,2019,1663,12,138.5833333333333
404060,Kayenta Unified School District #27 (4396),AZ,-1.113810273931138,0.0221863551848771,2019,2314,11,210.3636363636364
1600870,Culdesac Joint District,ID,-0.4990676308067554,0.0652033137396434,2019,79,10,7.9
3910015,Painesville City Local,OH,-0.663507171720451,0.0297034430133966,2019,2175,10,217.5
4016350,Keota,OK,-0.2947915798052959,0.0428492051498209,2019,376,12,31.33333333333333
3800014,Bismarck 1,ND,0.1045613086630353,0.0154019949686333,2019,12230,12,1019.166666666667
3401380,Bellmawr Public School District,NJ,-0.0178639199494685,0.0304331766643854,2019,1299,11,118.0909090909091
5509870,Montello School District,WI,-0.0857192861547988,0.0397279656486107,2019,582,12,48.5
4825800,Knippa ISD,TX,0.3941109200069715,0.0439672928253786,2019,281,8,35.125
4612940,Clark School District 12-2,SD,-0.2929911362284703,0.0380356577471386,2019,412,12,34.33333333333334
4644940,Tri-Valley School District 49-6,SD,0.1225440290384982,0.0301598784153294,2019,912,12,76.0
4815810,Cross Plains ISD,TX,-0.1975577621794439,0.0483841565910155,2019,231,8,28.875
1725190,Mazon-Verona-Kinsman ESD 2C,IL,0.0989639332922918,0.0441717336871064,2019,394,12,32.83333333333334
4033480,Yukon,OK,0.2170040892959422,0.0182045596120539,2019,7992,12,666.0
3904543,Indian Hill Exempted Village,OH,1.064357749931739,0.0342997831874767,2019,1621,10,162.1
1708010,Byron CUSD 226,IL,0.691139750932797,0.0323162571046725,2019,1312,12,109.3333333333333
5510920,Oconto Unified School District,WI,0.1855780982445496,0.0348320356665287,2019,894,12,74.5
612090,El Monte City,CA,-0.1373614339210482,0.019080744794655,2019,10575,12,881.25
4678570,White River School District 47-1,SD,-0.488421866587685,0.0395670807096968,2019,408,12,34.0
2914430,Hillsboro R-III,MO,0.1113442904706928,0.0241066958393599,2019,2968,11,269.8181818181818
4800012,Chisum ISD,TX,0.1573591497605962,0.0355364734275267,2019,537,8,67.125
2721210,Milroy Public School District,MN,-0.2025390006346685,0.0528647161108889,2019,52,8,6.5
5500840,Barneveld School District,WI,0.5058472133428266,0.0422325084348101,2019,406,12,33.83333333333334
3176410,Sargent Public Schools,NE,-0.073619863946101,0.047802035014403,2019,164,12,13.66666666666667
4009240,Cushing,OK,-0.0253030928395218,0.0272532958629016,2019,1568,12,130.6666666666667
2932070,Willow Springs R-IV,MO,-0.0970807284823731,0.0312816270341908,2019,1077,11,97.90909090909092
4400450,Glocester,RI,0.4279926076506473,0.0265391158638632,2019,1540,12,128.3333333333333
3413320,Point Pleasant Beach School District,NJ,0.4605324479979879,0.040838082239706,2019,376,9,41.77777777777778
4030450,Twin Hills,OK,0.1475154115144978,0.0405731561245334,2019,386,12,32.16666666666666
691135,Val Verde Unified,CA,-0.3728108020394642,0.0175870076483558,2019,18328,12,1527.333333333333
4004470,Bishop,OK,0.4199765899453537,0.0393817149066831,2019,533,8,66.625
3800021,Jamestown 1,ND,0.2544545957533348,0.0256049830041453,2019,1976,12,164.6666666666667
100195,Pike Road City,AL,-0.1855337332859983,0.0294488759227589,2019,1948,12,162.3333333333333
508340,Junction City School District,AR,-0.5915008668541617,0.0386051142972571,2019,600,12,50.0
4101800,Bandon SD 54,OR,0.0600268457871117,0.0375804902892765,2019,623,12,51.91666666666666
2314768,RSU 75/MSAD 75,ME,0.1180380395375651,0.0298878676765738,2019,1509,8,188.625
3904413,Huron City Schools,OH,0.4824289545440519,0.0338957391770604,2019,918,10,91.8
1700106,Heritage CUSD 8,IL,0.0762141029832682,0.0473427688716244,2019,348,12,29.0
4827990,London ISD,TX,0.2824195807066991,0.0334437672991212,2019,742,8,92.75
2635940,Western School District,MI,0.0399801959501743,0.0252045749558681,2019,2565,12,213.75
2603510,Athens Area Schools,MI,-0.171313089903381,0.0399612755824565,2019,494,12,41.16666666666666
1733300,Red Bud CUSD 132,IL,0.1688251879618544,0.0373700264331507,2019,742,12,61.83333333333334
2100870,Calloway County,KY,0.204693909550701,0.0268739790853517,2019,2689,12,224.0833333333333
3403810,Demarest School District,NJ,1.035549583719023,0.0361283968896569,2019,843,11,76.63636363636364
3904402,Galion City,OH,-0.2552213795485171,0.0303230092664042,2019,1404,10,140.4
3405250,Florham Park School District,NJ,0.7378807637953481,0.0340637956966473,2019,1130,11,102.7272727272727
1805340,Knox Community School Corporation,IN,-0.1001374145433591,0.0307890139302469,2019,1632,12,136.0
614790,Galt Joint Union Elementary,CA,-0.1620362526408644,0.0214556199794707,2019,4762,12,396.8333333333333
400680,Amphitheater Unified District (4406),AZ,0.1444435771370585,0.0184051267413123,2019,14648,11,1331.636363636364
2904050,Ava R-I,MO,-0.1892842890224254,0.0324690423876899,2019,1101,11,100.0909090909091
4400120,Central Falls,RI,-0.4940958417820725,0.0222676161401212,2019,4259,12,354.9166666666667
622920,Los Olivos Elementary,CA,0.3891717161152723,0.0476188946713757,2019,190,10,19.0
2612480,East Grand Rapids Public Schools,MI,0.727783880709512,0.0262872639516258,2019,2616,12,218.0
3414130,Rockaway Township School District,NJ,0.4082761581841018,0.0278927346809446,2019,2503,10,250.3
1600960,Preston Joint District,ID,0.0232081825692579,0.026118181255677,2019,2185,12,182.0833333333333
3406300,Hackettstown Public School District,NJ,0.3539345122531854,0.0329252704076144,2019,1239,11,112.6363636363636
3904465,Port Clinton City,OH,0.1283798399855678,0.0311857349552668,2019,1199,10,119.9
1301560,Crisp County,GA,-0.4064024384939567,0.0237069553701869,2019,3560,12,296.6666666666667
3417160,Washington Township School District,NJ,0.4434321258024276,0.0413014652728434,2019,498,8,62.25
1303210,Lamar County,GA,-0.2835150086409624,0.0242389502085998,2019,2433,12,202.75
3801760,Alexander 2,ND,-0.2294588469061566,0.051903943752784,2019,194,10,19.4
2504980,Framingham,MA,-0.0409237769312015,0.0212579018302433,2019,8035,11,730.4545454545455
5601700,Carbon County School District #2,WY,0.2997955074831028,0.0336551507284532,2019,555,12,46.25
2802220,Jefferson County School District,MS,-0.7913517601586821,0.0285966055827117,2019,1067,12,88.91666666666667
1913200,Grinnell-Newburg Community School District,IA,0.2644210619481241,0.0329677295293179,2019,1563,12,130.25
5513100,Rosendale-Brandon School District,WI,0.466153744420491,0.0328872027856914,2019,948,12,79.0
3404770,Englewood Cliffs School District,NJ,1.32799635896711,0.0409593982500599,2019,609,11,55.36363636363637
3904965,Washington-Nile Local,OH,0.0386189053547136,0.0335670397312519,2019,1137,10,113.7
3904719,Kenston Local,OH,0.6973900227717958,0.0272637028079843,2019,1928,10,192.8
2302610,Auburn Public Schools,ME,-0.2140639725584747,0.0251436014180109,2019,3109,12,259.0833333333333
2900003,Portageville,MO,0.0033326325213699,0.0401476437949896,2019,580,11,52.72727272727273
621330,Lemon Grove,CA,-0.2921038006995321,0.0218688606933719,2019,4477,12,373.0833333333333
1738190,Summersville SD 79,IL,0.4183810537233351,0.0474112476815783,2019,322,12,26.83333333333333
901200,East Haddam School District,CT,0.4057878639620902,0.0318257551234643,2019,885,12,73.75
2632280,South Redford School District,MI,-0.5261357469626333,0.0244484583221543,2019,4102,12,341.8333333333333
4226730,Wyoming Area SD,PA,0.1228241963127571,0.0318306810810351,2019,1622,10,162.2
4810910,Bosqueville ISD,TX,-0.0079482568627962,0.0394761419079759,2019,424,8,53.0
3401440,Belvidere School District,NJ,-0.250757021532521,0.0471539691098431,2019,192,8,24.0
2104440,Newport Independent,KY,-0.6488987056357206,0.0330165669296743,2019,1362,12,113.5
903900,Salem School District,CT,0.7207827316153934,0.0365454439984061,2019,557,12,46.41666666666666
2617640,Hanover-Horton School District,MI,0.0947332092577455,0.0323818009841105,2019,975,12,81.25
1718090,Hampton SD 29,IL,0.344227354390507,0.0493329347733271,2019,298,12,24.83333333333333
4103860,Dallas SD 2,OR,-0.2280806557185731,0.0283263776002055,2019,2161,9,240.1111111111111
3904577,Elida Local,OH,0.0864243501810921,0.0267080594395693,2019,1933,10,193.3
3302970,Exeter School District,NH,0.3608412462089106,0.0394298045449256,2019,1018,10,101.8
2201290,Rapides Parish,LA,-0.2722223151448864,0.0203981539947324,2019,20084,12,1673.666666666667
404440,Littleton Elementary District (4278),AZ,-0.3568894895510309,0.0200678284848037,2019,9167,11,833.3636363636364
4202190,Allegheny Valley SD,PA,0.1077066108864997,0.0363776352871203,2019,810,12,67.5
4835910,Progreso ISD,TX,-0.3256840921237802,0.0292302488532985,2019,1007,8,125.875
4647100,Menno School District 33-2,SD,0.0676056650649043,0.0431773498294759,2019,290,12,24.16666666666667
3904668,Tri-Village Local,OH,0.288965670287763,0.0363448937349585,2019,626,10,62.6
3013530,Harrison K-12 Schools,MT,0.2310931068456667,0.0498491794156846,2019,64,10,6.4
4216410,Neshaminy SD,PA,0.2626923027074591,0.0209319996026157,2019,7584,11,689.4545454545455
2003960,Twin Valley,KS,-0.0132493695324066,0.0389049628867036,2019,488,11,44.36363636363637
2101950,Floyd County,KY,-0.0950802797495272,0.0213810899690313,2019,5202,12,433.5
602360,Alview-Dairyland Union Elementary,CA,0.0374419164479439,0.0342182258262319,2019,528,12,44.0
2200480,Concordia Parish,LA,-0.5017821375629798,0.025028253639101,2019,3489,12,290.75
3904871,New Lebanon Local School District,OH,-0.085252118247686,0.0332776546382105,2019,892,10,89.2
1805700,Lawrenceburg Community School Corporation,IN,0.1823911533330001,0.0267724113873223,2019,1821,12,151.75
4814010,Christoval ISD,TX,0.0402791808416789,0.0415167801844038,2019,316,8,39.5
3904626,Northwestern Local,OH,0.057053768827699,0.031279067683979,2019,1301,10,130.1
2008130,South Barber,KS,0.1996609509987467,0.0496297669487977,2019,218,12,18.16666666666667
3806010,Eight Mile 6,ND,-0.3605101672278055,0.0488898951621464,2019,264,12,22.0
4215990,Mount Carmel Area SD,PA,-0.1853941524579715,0.0310744990400882,2019,1434,12,119.5
2803000,Moss Point Separate School District,MS,-0.6442798417845813,0.0246358919553624,2019,1674,12,139.5
630390,Pine Ridge Elementary,CA,-0.0348895401704126,0.0506915780671122,2019,116,12,9.666666666666666
4224540,Upper Perkiomen SD,PA,0.2060760280281276,0.0250595223941812,2019,3148,12,262.3333333333333
2011490,Seaman,KS,0.0916367703233079,0.0222764169768067,2019,3502,12,291.8333333333333
2616080,Godfrey-Lee Public Schools,MI,-0.5892063435469368,0.0269936990830213,2019,1674,12,139.5
2908400,Centralia R-VI,MO,0.1303458610639936,0.0336063243034042,2019,1111,11,101.0
2004740,Cherryvale,KS,-0.2885316300128109,0.0363108065835088,2019,770,12,64.16666666666667
1729760,O Fallon CCSD 90,IL,0.4686972230019497,0.0230455083152854,2019,4961,12,413.4166666666667
3416350,Union Beach Public School District,NJ,0.1925438871720007,0.0369252484561121,2019,706,11,64.18181818181819
4105610,Gladstone SD 115,OR,-0.1141992489624787,0.028997730870309,2019,1783,12,148.5833333333333
1906930,Central Lee Community School District,IA,0.0362494888239776,0.0357399643120166,2019,1039,12,86.58333333333333
1907170,Cherokee Community School District,IA,-0.1239913429722661,0.035230795927581,2019,1028,12,85.66666666666667
4835040,Plains ISD,TX,-0.6080079023237285,0.042583991230012,2019,313,8,39.125
4838080,Round Rock ISD,TX,0.3929720911630757,0.0173191566184335,2019,32881,8,4110.125
2804770,Yazoo City Municipal School District,MS,-0.9391557696114138,0.0215971082179835,2019,2254,12,187.8333333333333
4102780,Cascade SD 5,OR,0.0046073822921978,0.0304900235272658,2019,1241,7,177.2857142857143
5510830,Oak Creek-Franklin Joint School District,WI,0.3348283044768414,0.0220313879319954,2019,5677,12,473.0833333333333
3002430,Augusta Elementary,MT,0.2175537591102959,0.049381046254872,2019,68,10,6.8
1904680,Belmond-Klemme Community School District,IA,-0.1877684251974251,0.0404982076666831,2019,694,12,57.83333333333334
2619470,Ironwood Area Schools of Gogebic County,MI,-0.1140374127612518,0.0378574224850829,2019,554,10,55.4
2400540,Queen Anne's County Public Schools,MD,0.4424098607343268,0.023031931565353,2019,5815,10,581.5
2504140,Dennis-Yarmouth,MA,-0.0141214166724462,0.0252433641746166,2019,2848,12,237.3333333333333
4113490,Winston-Dillard SD 116,OR,-0.5421593225847241,0.0325729533583987,2019,1183,11,107.5454545454545
606900,Calexico Unified,CA,-0.7038024805198072,0.0205103906789203,2019,7336,11,666.9090909090909
3904613,New Miami Local,OH,-0.409126494619823,0.0398830859658633,2019,490,10,49.0
5511710,Phelps School District,WI,0.0775683405726559,0.0509463861037842,2019,114,12,9.5
4100048,North Wasco County SD 21,OR,-0.2666745657179838,0.0246942899576755,2019,2716,12,226.3333333333333
4019800,Merritt,OK,0.1435226987851926,0.0320937324831989,2019,720,12,60.0
4816860,Desoto ISD,TX,-0.4303323437194685,0.0205595572883647,2019,5492,8,686.5
2912720,Gasconade C-4,MO,-0.0402407674242689,0.0632299058824814,2019,77,11,7.0
2910620,Delta R-V,MO,-0.1941611950501947,0.0565113806737514,2019,172,11,15.63636363636364
1300150,Bacon County,GA,-0.018735488620628,0.0259983231520111,2019,1892,12,157.6666666666667
4808700,Arlington ISD,TX,-0.1687679864095673,0.0165641678474884,2019,41610,8,5201.25
404720,Maricopa Unified School District (4441),AZ,-0.082456851297417,0.0194042176809467,2019,9635,11,875.9090909090909
1704560,Atwood Heights SD 125,IL,-0.1581578932454221,0.0350786630386918,2019,822,12,68.5
2009180,Manhattan-Ogden,KS,0.1806867225851497,0.0200008559955665,2019,5986,12,498.8333333333333
4832790,Nocona ISD,TX,-0.210101308120746,0.0393839919093394,2019,427,8,53.375
505850,England School District,AR,-0.5425566613533624,0.0409227354253081,2019,614,12,51.16666666666666
603060,Arcohe Union Elementary,CA,-0.0614053352707246,0.0361392257873099,2019,586,12,48.83333333333334
2008940,Centre,KS,0.1756892416191919,0.0563435831563212,2019,112,8,14.0
5500240,Almond-Bancroft School District,WI,-0.0644244527003726,0.0439256779911834,2019,308,12,25.66666666666667
2921330,Montgomery County R-II,MO,-0.0364377903498524,0.0359340486377368,2019,953,11,86.63636363636364
4204260,Brockway Area SD,PA,0.3026831917133365,0.03393607811126,2019,934,12,77.83333333333333
3413500,Quinton Township School District,NJ,0.123030458892367,0.041600389438049,2019,396,11,36.0
4209150,Elk Lake SD,PA,0.0195105229705764,0.0330111600833308,2019,1170,12,97.5
4219350,Plum Borough SD,PA,0.5252059431549573,0.0248131577107158,2019,3367,12,280.5833333333333
1602340,Nampa School District,ID,-0.065182469314364,0.0174607621529957,2019,15765,12,1313.75
1603300,Wallace District,ID,-0.0186706299335237,0.0416764541331881,2019,470,12,39.16666666666666
3700580,Caldwell County Schools,NC,-0.0141682517004822,0.0180525175642791,2019,10433,12,869.4166666666666
903270,Plainfield School District,CT,0.0759540758908414,0.0254042110452023,2019,1925,12,160.4166666666667
1600450,Bruneau-Grand View Joint School District,ID,-0.4451624920794474,0.0475563266245771,2019,287,12,23.91666666666667
2621120,Lamphere Public Schools,MI,-0.1219369991942344,0.0255943382587842,2019,2585,12,215.4166666666667
511850,Pulaski County Special School District,AR,-0.2309990459818494,0.0197443385518181,2019,13484,12,1123.666666666667
5304080,Klickitat School District,WA,-0.3403725906816303,0.0535338547170574,2019,72,10,7.2
3904815,Firelands Local,OH,0.3713802120746047,0.0324452936957701,2019,1311,10,131.1
1803150,Eastern Howard School Corporation,IN,0.0763279363180575,0.0303000993678425,2019,1364,12,113.6666666666667
1905130,Boone Community School District,IA,-0.1601882485155858,0.0316462163145814,2019,1760,12,146.6666666666667
4215450,Millville Area SD,PA,0.0679072600049265,0.0404806145470948,2019,482,10,48.2
404920,McNeal Elementary District (4181),AZ,-0.2199410612900455,0.0648184470479358,2019,51,11,4.636363636363637
3904990,Northwest Local,OH,0.5228419485257046,0.0284461936398576,2019,1371,10,137.1
1301770,Dodge County,GA,-0.2519639122562427,0.0243152926113653,2019,2815,12,234.5833333333333
2005310,Pike Valley,KS,-0.1120476853625554,0.0530158994661915,2019,176,12,14.66666666666667
4811280,Brenham ISD,TX,-0.0432560497215094,0.0248088642321763,2019,3003,8,375.375
