sedalea,sedaleaname,stateabb,cs_mn_avg_eb,cs_mn_avg_eb_se_adj,year,tot_asmts,cellcount,mn_asmts
3304030,Jaffrey-Rindge Cooperative School District,NH,-0.0104053069564614,0.038276863759775,2019,615,6,102.5
1713500,Edwards County CUSD 1,IL,0.186905474028539,0.038354294077468,2019,730,12,60.83333333333334
3020670,Pine Creek Elementary,MT,0.5720186751389373,0.0478746333814772,2019,46,10,4.6
606960,Caliente Union Elementary,CA,-0.5334388814046043,0.0557203085044207,2019,46,10,4.6
2908250,Center 58,MO,-0.3933105047494091,0.0281126257250618,2019,2294,11,208.5454545454545
4110560,Riverdale SD 51J,OR,1.15003986815626,0.0436396969429119,2019,594,12,49.5
3904837,Springfield Local,OH,0.4472040514560074,0.0336552360630689,2019,770,10,77.0
5309330,Wahkiakum School District,WA,-0.0442077060723508,0.0414348614642472,2019,448,12,37.33333333333334
2923430,Ozark R-VI,MO,0.4541778947597374,0.0222117211279105,2019,4939,11,449.0
3404200,East Newark School District,NJ,-0.1072808810696301,0.0437125411922436,2019,236,9,26.22222222222222
604740,Berkeley Unified,CA,0.3481120105149835,0.0225203535053924,2019,7128,10,712.8
3175510,Pierce Public Schools,NE,0.4256831363294254,0.0346703325479741,2019,576,12,48.0
1201410,Okeechobee,FL,-0.0971734543560313,0.0201362508667601,2019,4904,10,490.4
600026,El Tejon Unified,CA,-0.4605593739073527,0.0394660815989395,2019,462,10,46.2
2200240,City of Bogalusa School District,LA,-0.9385567325815138,0.0273171071712944,2019,1846,12,153.8333333333333
4206240,Coatesville Area SD,PA,-0.4530926518113627,0.0238123132946356,2019,4742,12,395.1666666666667
3904859,Fort Recovery Local,OH,0.5753103220590873,0.0367505899825394,2019,702,10,70.2
2718960,Martin County West School District,MN,0.0650085499297802,0.0339058819097034,2019,670,12,55.83333333333334
4222710,Saint Clair Area SD,PA,0.0523598956189812,0.0380204831555581,2019,648,12,54.0
4203240,Bellefonte Area SD,PA,0.2521132498930614,0.0270080945453102,2019,2307,12,192.25
4222170,South Eastern SD,PA,0.2486565902619032,0.0260970366786135,2019,2341,12,195.0833333333333
513530,Vilonia School District,AR,-0.0022414818022215,0.0268395307334852,2019,2884,12,240.3333333333333
3806930,Flasher 39,ND,0.2468520338805472,0.0518454871218599,2019,182,12,15.16666666666667
2718360,Lyle Public School District,MN,-0.4714926351564583,0.0459874965637059,2019,210,10,21.0
1715780,Franklin Park SD 84,IL,0.3383363053767728,0.0385803229832316,2019,1196,8,149.5
2300062,East Machias Public Schools,ME,-0.4072382526619517,0.0538570061288631,2019,130,7,18.57142857142857
2604620,Bellaire Public Schools,MI,0.0126475997800728,0.0482907550126115,2019,216,8,27.0
2728380,Pine City Public School District,MN,-0.0096139066911583,0.0281483151540158,2019,1441,12,120.0833333333333
5507560,La Farge School District,WI,-0.2523965433410963,0.0519346648879084,2019,150,10,15.0
4206660,Connellsville Area SD,PA,-0.212222374653105,0.0272442611820236,2019,2775,9,308.3333333333333
3818500,Turtle Lake-Mercer 72,ND,0.0424992512194158,0.0567062137626706,2019,156,12,13.0
4837740,Roma ISD,TX,0.0859309476107102,0.0227135723979967,2019,3607,8,450.875
636800,Sierra Sands Unified,CA,-0.2741732735974337,0.0212859100275624,2019,5077,12,423.0833333333333
5514940,Tomahawk School District,WI,0.0518410194566673,0.0327021354319995,2019,1094,12,91.16666666666669
4021600,Ninnekah,OK,0.0473742410472201,0.0358705504341432,2019,458,12,38.16666666666666
2009390,McPherson,KS,-0.1285388172126714,0.0265387135054933,2019,2073,12,172.75
2617880,Hartford Public Schools,MI,-0.5508249903382485,0.0312751114499378,2019,1214,12,101.1666666666667
4204920,Canton Area SD,PA,-0.0057057408270615,0.0366368238194213,2019,818,12,68.16666666666667
4846530,Wylie ISD,TX,0.4837220267954126,0.019392783513271,2019,10416,8,1302.0
3407920,Kenilworth School District,NJ,-0.0826248743187402,0.0306875418956092,2019,1143,11,103.9090909090909
1726250,Miller Twp CCSD 210,IL,0.0751778708419897,0.0510998805291326,2019,281,12,23.41666666666667
4225680,West Mifflin Area SD,PA,-0.0282938373483457,0.0333385335532229,2019,1467,8,183.375
1907410,Clarke Community School District,IA,-0.3621723887832886,0.0351375718328972,2019,1288,12,107.3333333333333
4845180,West Sabine ISD,TX,-0.2025810835045034,0.0420102511815925,2019,362,8,45.25
2802280,Jones County School District,MS,0.0304880529117449,0.017350538443439,2019,8029,12,669.0833333333334
2011880,St Francis Comm Schools,KS,0.2185898307343705,0.0457469778779486,2019,212,12,17.66666666666667
2105460,Southgate Independent,KY,-0.0945969462882336,0.0515036651986184,2019,232,12,19.33333333333333
1741550,West Chicago ESD 33,IL,-0.4917299887707034,0.0232780043495566,2019,5130,12,427.5
3805340,Drayton 19,ND,-0.0013576699941879,0.0539416210482264,2019,146,10,14.6
4823040,Hermleigh ISD,TX,-0.4635306650234254,0.0505773879574686,2019,155,8,19.375
2100300,Barren County,KY,0.0672480982408016,0.0219927630748035,2019,4483,12,373.5833333333333
608970,Cloverdale Unified,CA,-0.464187784015899,0.0304925020576814,2019,1296,12,108.0
4100016,Yamhill Carlton SD 1,OR,0.10033779627043,0.03726833658575,2019,750,11,68.18181818181819
2615060,Freeland Community School District,MI,0.3616751348723814,0.0282869934616434,2019,1801,12,150.0833333333333
3100010,Anselmo-Merna Public Schools,NE,0.2004780860059288,0.0440683566878023,2019,256,12,21.33333333333333
4819050,Fannindel ISD,TX,-0.44787770803466,0.0588837826881982,2019,77,8,9.625
4225950,Wyoming Valley West SD,PA,-0.2642393952043425,0.0241341918125744,2019,4178,11,379.8181818181818
4817880,East Chambers ISD,TX,-0.0776313960881403,0.0314048733315788,2019,905,8,113.125
5308940,Tonasket School District,WA,-0.275565036249703,0.0336155732751276,2019,1081,12,90.08333333333331
4032640,White Rock,OK,-0.4730117888886678,0.0643176411334834,2019,77,11,7.0
600062,Oakdale Joint Unified,CA,-0.1258519378722296,0.020925675972597,2019,4717,12,393.0833333333333
3020790,Pioneer Elementary,MT,-0.1104127392989002,0.0481473962664464,2019,60,10,6.0
633840,Sacramento City Unified,CA,-0.3777166665013204,0.016583073017122,2019,43465,12,3622.083333333333
3904700,Reynoldsburg City,OH,-0.1756325854695681,0.0215114243603408,2019,5948,10,594.8
635700,Santa Monica-Malibu Unified,CA,0.5068308509597078,0.0204355135571845,2019,9197,12,766.4166666666666
627780,Nuview Union,CA,-0.3548945366115464,0.0251969142112586,2019,2079,12,173.25
4900060,Beaver District,UT,0.3928114508624624,0.0288668793038609,2019,1255,12,104.5833333333333
2926970,Cole County R-I,MO,0.2017221153354755,0.0406499145037321,2019,491,11,44.63636363636363
1919710,Moravia Community School District,IA,-0.1521076542987196,0.0515827621502779,2019,368,12,30.66666666666667
5602820,Fremont County School District #21,WY,-0.6601311591977879,0.036639553016494,2019,509,12,42.41666666666666
3820190,Wishek 19,ND,0.1550766366536614,0.0505138988149662,2019,174,10,17.4
2508940,Northbridge,MA,0.1005400713847522,0.0267913225650905,2019,2013,12,167.75
4900900,San Juan District,UT,-0.5210991549632541,0.0287027519611858,2019,2794,12,232.8333333333333
1700065,Saunemin CCSD 438,IL,0.0298468133748803,0.0558788508079316,2019,128,12,10.66666666666667
4203390,Benton Area SD,PA,0.1379391669491739,0.037134845026627,2019,618,12,51.5
4636150,Iroquois School District 02-3,SD,-0.4001525538652689,0.0439400075836633,2019,220,12,18.33333333333333
2927570,Savannah R-III,MO,0.168816412677211,0.0278285054218386,2019,1961,11,178.2727272727273
3303540,Hampton Falls School District,NH,0.7297151293219376,0.0492205258166169,2019,300,12,25.0
4216860,New Hope-Solebury SD,PA,0.6808913198524144,0.029914446938736,2019,1268,12,105.6666666666667
3023520,Savage Elementary,MT,-0.0043250761037583,0.0465386242895613,2019,90,12,7.5
631470,Portola Valley Elementary,CA,1.073523911038772,0.0392180321084293,2019,744,12,62.0
1736750,South Holland SD 151,IL,-0.5739174662882663,0.0263396976646662,2019,2215,12,184.5833333333333
2919380,Macks Creek R-V,MO,-0.1078602337702442,0.0480106711083547,2019,288,11,26.18181818181818
3100097,Morrill Public Schools,NE,-0.1270554652284329,0.0427194862225661,2019,350,12,29.16666666666667
4819500,Follett ISD,TX,0.0486130692319528,0.0564347790542713,2019,88,8,11.0
2803360,Ocean Springs School District,MS,0.3304953368390381,0.0191132073119898,2019,5586,12,465.5
3905019,Liberty Local,OH,-0.1240809048489692,0.0315831673294186,2019,951,10,95.1
504740,County Line School District,AR,0.1837350643865383,0.0439995384218176,2019,460,12,38.33333333333334
601423,Exeter Unified,CA,-0.3645476229912472,0.0248557260835737,2019,2570,12,214.1666666666667
3904495,Vandalia-Butler City,OH,0.1547189043468775,0.0261115803905429,2019,2185,10,218.5
2007020,Hays,KS,0.1915745931553812,0.0248219582800191,2019,2729,12,227.4166666666667
3404710,Emerson Public School District,NJ,0.4135798862568851,0.0351298896323966,2019,821,10,82.1
4215900,Morrisville Borough SD,PA,-0.3478349728924752,0.0373171551283565,2019,694,10,69.4
4213710,Ligonier Valley SD,PA,0.042640137579629,0.0313017810833399,2019,1293,12,107.75
1809720,Rossville Consolidated School District,IN,0.2503649742281076,0.0341609600911782,2019,858,12,71.5
3174040,Mullen Public Schools,NE,0.4967565082768216,0.0467127233374996,2019,126,12,10.5
3405520,Franklin Township School District,NJ,0.4547312480615266,0.0486391777161485,2019,191,7,27.28571428571428
624000,Mark West Union Elementary,CA,0.0269251383994572,0.0274556217409005,2019,1672,12,139.3333333333333
3304040,Kearsarge Regional School District,NH,0.3525584448309981,0.0278895609679975,2019,1598,12,133.1666666666667
2307140,Kittery Public Schools,ME,0.2423230352900636,0.0323226563763349,2019,956,12,79.66666666666667
2908320,Johnson County R-VII,MO,-0.1471193553610752,0.0422012932644651,2019,443,11,40.27272727272727
1724480,Kaneland CUSD 302,IL,0.0835631330137958,0.0233776752830323,2019,4016,12,334.6666666666667
400295,Kingman Unified School District (79598),AZ,-0.3299280736847082,0.0218077029897208,2019,6990,11,635.4545454545455
506060,Camden Fairview School District,AR,-0.7355733930612891,0.0286968134005389,2019,2309,12,192.4166666666667
2101230,Clay County,KY,0.0873302326908068,0.0253782363629774,2019,2904,12,242.0
2312960,Tremont Public Schools,ME,0.2056505982901698,0.049926609984856,2019,146,12,12.16666666666667
3700530,Cabarrus County Schools,NC,0.1804708888680683,0.016082307321213,2019,34233,12,2852.75
637230,Sonora Elementary,CA,-0.0312680244593518,0.0307807252257327,2019,948,12,79.0
2011640,Shawnee Mission Pub Schools,KS,0.3052866330267489,0.0162348169792139,2019,23966,12,1997.166666666667
1713240,East Peoria SD 86,IL,-0.0839154911100831,0.02862599316469,2019,2017,12,168.0833333333333
2925410,Polo R-VII,MO,0.0647113272555351,0.0472613210108841,2019,320,11,29.09090909090909
4817960,Eastland ISD,TX,-0.043710870047447,0.0350414673188289,2019,656,8,82.0
617190,Hillsborough City Elementary,CA,0.959961611604208,0.0321355269217457,2019,1901,12,158.4166666666667
4222620,Springfield Township SD,PA,0.5180125529317343,0.0268947745198632,2019,2339,12,194.9166666666667
1303150,Jones County,GA,-0.0940173139000736,0.0210056198389994,2019,4933,12,411.0833333333333
1739600,Tuscola CUSD 301,IL,0.0641476247020712,0.0339496474054529,2019,857,12,71.41666666666667
3305940,Rochester School District,NH,0.1902657846708224,0.0208618320993978,2019,3007,10,300.7
3904821,Ottawa Hills Local,OH,0.892267151198786,0.0346336863334424,2019,778,10,77.8
1930720,West Bend-Mallard Community School District,IA,0.1731413669794239,0.0549842699125441,2019,272,12,22.66666666666667
3904865,Switzerland of Ohio Local,OH,-0.216507945924692,0.029733864156969,2019,1432,10,143.2
1301470,Cook County,GA,-0.3599629231835105,0.0248411528126828,2019,2820,12,235.0
4205700,Chartiers Valley SD,PA,0.2988126124288086,0.0256391752850513,2019,2889,12,240.75
1918720,Marshalltown Community School District,IA,-0.3862598028207965,0.024724164911934,2019,4649,12,387.4166666666667
4846650,Yorktown ISD,TX,-0.3845621462396812,0.0414422331835223,2019,317,8,39.625
4021510,Newcastle,OK,0.1013565191420816,0.0254493914356544,2019,1911,12,159.25
1601140,Fruitland District,ID,-0.0249846104842369,0.0310025397074328,2019,1370,10,137.0
618990,John Swett Unified,CA,-0.6044575950183613,0.0331848677785405,2019,1215,12,101.25
500082,Lawrence County School District,AR,-0.3596850390053391,0.0370318789933912,2019,857,12,71.41666666666667
2009840,Mulvane,KS,0.0931017709870221,0.0284234263474864,2019,1656,12,138.0
1721750,Lake Forest SD 67,IL,0.8166278526997574,0.0315563418196648,2019,1313,7,187.5714285714286
2508730,North Attleborough,MA,0.3940701310348263,0.0227444125453835,2019,4067,12,338.9166666666667
4820700,Gilmer ISD,TX,-0.2392817471623137,0.0300145610850508,2019,1511,8,188.875
4833240,Nueces Canyon CISD,TX,-0.1833284133413458,0.0498731042823432,2019,172,8,21.5
100900,Coosa County,AL,-0.5837923488007664,0.0346484975914631,2019,821,12,68.41666666666667
3905000,Manchester Local,OH,0.45207999619957,0.0308543537093378,2019,999,10,99.9
3904371,Canton City,OH,-0.6703980042437464,0.0216107903302121,2019,7175,10,717.5
4212570,Johnsonburg Area SD,PA,0.1580900294165108,0.0395665198499373,2019,454,10,45.4
4832370,New Braunfels ISD,TX,0.1091934987572472,0.0206396556132548,2019,5545,8,693.125
4836360,Rains ISD,TX,-0.1918001552997424,0.030216282775803,2019,1042,8,130.25
4226390,William Penn SD,PA,-0.7186104506561432,0.0238653331736068,2019,5172,12,431.0
4400390,Foster,RI,-0.0792054948302209,0.0495460721984549,2019,269,6,44.83333333333334
2732550,Rush City Public School District,MN,0.2866680593819436,0.0332847373922037,2019,794,12,66.16666666666667
5503240,De Soto Area School District,WI,0.1680946120073354,0.0404423369826339,2019,420,12,35.0
1727610,Murphysboro CUSD 186,IL,-0.4377660977085175,0.0280372279981475,2019,1713,12,142.75
4202820,Avonworth SD,PA,0.574670527014654,0.0296768929329196,2019,1672,12,139.3333333333333
600065,Dinuba Unified,CA,-0.3220307076805112,0.0209506478122077,2019,5905,12,492.0833333333333
2311370,RSU 35/MSAD 35,ME,0.4073300261650047,0.0271393343137878,2019,1730,12,144.1666666666667
1810450,South Montgomery Community School Corporation,IN,0.3017572415582385,0.0296937214182001,2019,1514,12,126.1666666666667
2800930,Carroll County School District,MS,-0.4669837671472518,0.0301530576547806,2019,914,12,76.16666666666667
4828380,Lovejoy ISD,TX,0.9543844025805072,0.0305929767107703,2019,2701,8,337.625
4702070,Jackson County,TN,-0.2293146223929583,0.0294188503966479,2019,1153,11,104.8181818181818
3904505,West Carrollton City,OH,-0.2938838636470913,0.0256074359923451,2019,2890,10,289.0
1602550,Parma District,ID,0.0768993106457515,0.0320714840774115,2019,1005,12,83.75
3904928,Preble Shawnee Local,OH,-0.1165476995349979,0.0311922083609841,2019,1084,10,108.4
5501350,Bloomer School District,WI,0.052980204318799,0.0330769499088931,2019,1100,12,91.66666666666669
2709750,Crosby-Ironton Public School District,MN,0.0311213559816423,0.0333056197600185,2019,920,12,76.66666666666667
2709510,Columbia Heights Public School District,MN,-0.5795658793817524,0.0260172590356549,2019,3443,12,286.9166666666667
4002550,Agra,OK,-0.3572107493620452,0.0483970657935741,2019,245,12,20.41666666666667
623550,Manchester Union Elementary,CA,-0.5040336732178051,0.0530945604964972,2019,54,12,4.5
3000003,Cut Bank Elementary,MT,-0.228420397933639,0.0317963260395979,2019,779,12,64.91666666666667
5508190,Lodi School District,WI,0.1407803473639478,0.0305158180675763,2019,1243,12,103.5833333333333
628710,Orcutt Union Elementary,CA,-0.0856222550788772,0.0198467995184416,2019,6181,12,515.0833333333334
2009780,Moundridge,KS,0.0206436528632209,0.0483593519035543,2019,308,10,30.8
600069,Valley Center-Pauma Unified,CA,-0.5451929605149641,0.026465312208628,2019,2723,9,302.5555555555555
3415030,Somers Point School District,NJ,-0.3277336115145149,0.0363051405308263,2019,893,10,89.3
2707590,Carlton Public School District,MN,0.069477808219701,0.0394050858555522,2019,402,12,33.5
5307770,Selah School District,WA,-0.0635265786578304,0.0256380763201372,2019,3279,12,273.25
619890,Kit Carson Union Elementary,CA,-0.5552026286780865,0.0368109977147963,2019,522,12,43.5
5505250,Gillett School District,WI,0.48317606437892,0.0427414600371893,2019,470,12,39.16666666666666
4826220,Lapoynor ISD,TX,-0.198361389166594,0.0432891504265887,2019,332,8,41.5
2800187,Sunflower Cty Consolidated School District,MS,-0.4002224950777978,0.0202916881878397,2019,3379,12,281.5833333333333
600028,Temecula Valley Unified,CA,0.1266683874866826,0.0164729737999753,2019,35676,12,2973.0
102850,Roanoke City,AL,-0.5667099299926188,0.0335097550663345,2019,1312,12,109.3333333333333
4812180,Burleson ISD,TX,0.0008501457458377,0.0193748947198818,2019,7918,8,989.75
5302940,Franklin Pierce School District,WA,-0.3829754690392588,0.0227174025189865,2019,7458,12,621.5
900840,Colchester School District,CT,0.4978309345629143,0.0256915406314456,2019,2011,12,167.5833333333333
2702640,Lester Prairie Public School District,MN,0.0348921248634746,0.0361711312601951,2019,452,12,37.66666666666666
624090,Marysville Joint Unified,CA,-0.4716478139808734,0.0186969658728692,2019,9952,12,829.3333333333334
2005820,Ellinwood Public Schools,KS,-0.1219046632017337,0.0430061877807579,2019,384,12,32.0
4226850,York Suburban SD,PA,0.5387314353322272,0.0269874993092676,2019,2782,12,231.8333333333333
2009900,Neodesha,KS,-0.066800246236338,0.0398197729609002,2019,604,12,50.33333333333334
615150,Geyserville Unified,CA,-0.1911141043925045,0.0432827153926242,2019,199,11,18.09090909090909
1806570,Michigan City Area Schools,IN,-0.1090804979046895,0.0236111787852623,2019,5130,12,427.5
3000096,North Star Elementary,MT,0.1088532344745341,0.0442699068789951,2019,144,10,14.4
1903270,Albia Community School District,IA,0.2136769351544498,0.0357831882116988,2019,1088,12,90.66666666666669
4830030,Medina ISD,TX,-0.1778969594737417,0.04986815306831,2019,161,8,20.125
900660,Canterbury School District,CT,0.0694969457054139,0.0333434016228753,2019,537,12,44.75
2314761,RSU 68/MSAD 68,ME,-0.1513896981186179,0.0339984978995167,2019,913,12,76.08333333333333
2636270,Whiteford Agricultural School District,MI,0.2880245056253702,0.0339661323849865,2019,729,12,60.75
3023370,Saco Elementary,MT,0.0015323997790101,0.0482324038111764,2019,48,10,4.8
610890,Delano Union Elementary,CA,-0.3537058005189726,0.0188514015897295,2019,10436,12,869.6666666666666
4840110,Shiner ISD,TX,0.3301925324008783,0.0415490021596714,2019,381,8,47.625
100100,Arab City,AL,0.2467389546951276,0.0273265502105835,2019,2411,12,200.9166666666667
4221150,Yough SD,PA,0.1236487935383589,0.0304493816082041,2019,1359,10,135.9
619590,Kernville Union Elementary,CA,-0.629966161743284,0.0318301624901951,2019,1124,12,93.66666666666669
4215240,Middletown Area SD,PA,-0.0830243525809423,0.0288324744418031,2019,2017,10,201.7
608610,Chula Vista Elementary,CA,0.0626128491375198,0.0162174796284536,2019,52917,12,4409.75
404230,Kyrene Elementary District (4267),AZ,0.3875133237747443,0.0173766927971286,2019,24095,11,2190.454545454545
4829370,Matagorda ISD,TX,-0.4469668345642492,0.0556325407805625,2019,85,6,14.16666666666667
4225980,West York Area SD,PA,-0.1015489100735741,0.0269651256201634,2019,2751,12,229.25
2918330,Leesville R-IX,MO,-0.5227638559599807,0.0625186336524637,2019,105,11,9.545454545454543
3200060,Clark County,NV,-0.1354778479530925,0.0136116047290394,2019,339134,12,28261.16666666667
2905250,Bloomfield R-Xiv,MO,0.2706668463206477,0.0399865901484316,2019,506,11,46.0
2725050,Onamia Public School District,MN,-0.6052773883837761,0.042161957124803,2019,578,12,48.16666666666666
1712060,Delavan CUSD 703,IL,0.0926618709650009,0.0427367761698106,2019,404,12,33.66666666666666
4822500,Harleton ISD,TX,0.1436596705813085,0.0379655254225581,2019,425,8,53.125
4217280,North Penn SD,PA,0.4165757588456282,0.0200453390399344,2019,11776,12,981.3333333333334
1811580,Twin Lakes School Corporation,IN,0.175279704162578,0.0275799844109346,2019,2099,12,174.9166666666667
3416200,Tinton Falls School District,NJ,0.4932881042005932,0.0317634723477715,2019,1703,11,154.8181818181818
2000016,Marysville,KS,-0.069509071239759,0.0365200011831479,2019,636,12,53.0
4209480,Exeter Township SD,PA,0.2262464828748912,0.0242067561634279,2019,3481,12,290.0833333333333
3414220,Roosevelt Borough Public School District,NJ,0.8801880274857484,0.0517458989757733,2019,70,6,11.66666666666667
1809060,Plymouth Community School Corporation,IN,0.1007649596189224,0.0246134655182137,2019,3167,12,263.9166666666667
642540,Williams Unified,CA,-0.8269535067441606,0.0311759286986763,2019,1259,12,104.9166666666667
3407830,Jersey City Public Schools,NJ,-0.0203966175248184,0.0199900726082656,2019,26569,11,2415.363636363636
1906660,Center Point-Urbana Community School District,IA,0.3297850619860567,0.0319887198481527,2019,1406,12,117.1666666666667
3905009,Bloomfield-Mespo Local,OH,0.054133892677761,0.0480024645995487,2019,164,10,16.4
4703480,Putnam County,TN,-0.0236402525678626,0.0192571467388547,2019,8427,10,842.7
624480,Mendocino Unified,CA,-0.0446810052980244,0.0399065168140008,2019,403,10,40.3
2707470,Canby Public School District,MN,0.3591963219488941,0.0353621579064932,2019,508,12,42.33333333333334
614070,Fort Bragg Unified,CA,-0.3581935084331525,0.0256427187857348,2019,1804,12,150.3333333333333
1603030,South Lemhi District,ID,0.0974706555252413,0.0544039918189775,2019,102,12,8.5
1742210,Wheeling CCSD 21,IL,-0.1806016737607658,0.0218164938685414,2019,7880,12,656.6666666666666
4024510,Pioneer-Pleasant Vale,OK,0.0541612034548413,0.0377801585880119,2019,451,12,37.58333333333334
3405880,Glassboro School District,NJ,-0.3174878906185357,0.0319738925027671,2019,1269,9,141.0
1200330,Collier,FL,0.1815523149354945,0.0156359733864225,2019,35780,10,3578.0
4203510,Bethel Park SD,PA,0.6560001313451775,0.0263121232251634,2019,2548,9,283.1111111111111
637770,Springville Union Elementary,CA,-0.0879556775916558,0.0389592590929865,2019,404,12,33.66666666666666
4212300,Jamestown Area SD,PA,0.012773076466288,0.0419358698261515,2019,401,12,33.41666666666666
3704320,Stanly County Schools,NC,0.0121263080353344,0.0182647654932553,2019,8528,12,710.6666666666666
2702720,Southland Public School District,MN,-0.0207724193378661,0.0400362312533739,2019,351,12,29.25
3418240,Woodland Township School District,NJ,-0.2609319694082951,0.0454908021302605,2019,179,11,16.27272727272727
5514640,Sun Prairie Area School District,WI,0.1771436762216594,0.0214920567834247,2019,7110,12,592.5
3904583,Mapleton Local,OH,-0.0854500878763784,0.0345363676165283,2019,729,10,72.9
1700102,Brussels CUSD 42,IL,0.2307058935383851,0.0620549672238573,2019,72,12,6.0
1809180,Porter Township School Corporation,IN,0.0762383795254185,0.0310815123097057,2019,1248,12,104.0
5304740,Manson School District,WA,-0.4800604835179632,0.0397295425515902,2019,590,12,49.16666666666666
4208550,East Penn SD,PA,0.3299753412339672,0.0209392086613703,2019,7851,12,654.25
632310,Rescue Union Elementary,CA,0.4367678668599765,0.0208087624254546,2019,4861,12,405.0833333333333
5510500,New Glarus School District,WI,0.3518984173942495,0.0344088775091736,2019,940,12,78.33333333333333
2101050,Casey County,KY,0.156930295589665,0.0269307208047994,2019,2102,12,175.1666666666667
601442,Upper Lake Unified,CA,-0.6254370930522465,0.0385969111799705,2019,540,9,60.0
5501110,Benton School District,WI,0.2930912943420182,0.0489268648627804,2019,160,12,13.33333333333333
1301140,Chickamauga City,GA,0.3125048531805173,0.0281371525539325,2019,1153,12,96.08333333333331
901500,Essex School District,CT,0.7138337016516311,0.0388963823676401,2019,370,8,46.25
5511850,Platteville School District,WI,0.4425002178922497,0.0326170856245465,2019,1386,12,115.5
3404410,Eatontown Public School District,NJ,0.2931070107239564,0.0347283734256193,2019,1114,11,101.2727272727273
4823850,Hughes Springs ISD,TX,-0.1409064763266217,0.031853993710558,2019,777,8,97.125
4700152,Arlington,TN,0.6543734647967115,0.0224149031123414,2019,3272,11,297.4545454545454
5504620,Lac du Flambeau #1 School District,WI,-0.5106634519392594,0.037718155726189,2019,552,12,46.0
631170,Plumas Unified,CA,-0.3123598345126892,0.0250436517900083,2019,1971,12,164.25
2912600,Gainesville R-V,MO,0.111622585261826,0.0399511042957412,2019,557,11,50.63636363636363
5300840,Cape Flattery School District,WA,-0.186711284586493,0.0405897495934992,2019,408,11,37.09090909090909
3701140,Davidson County Schools,NC,0.1413592428701442,0.0168863756315434,2019,17210,12,1434.166666666667
2101800,Fairview Independent,KY,-0.5289992201355291,0.0385080929109609,2019,632,12,52.66666666666666
1718510,Havana CUSD 126,IL,0.0353627919218453,0.0353894576129402,2019,772,12,64.33333333333333
4810780,Boling ISD,TX,-0.2090591902377391,0.0335664158772319,2019,689,8,86.125
4836240,Quinlan ISD,TX,-0.4367383321787771,0.0291133124393891,2019,1540,8,192.5
100120,Athens City,AL,-0.2530488643400333,0.0260168225914704,2019,3480,12,290.0
3812720,Menoken 33,ND,0.5003057418117923,0.0687288850472678,2019,48,12,4.0
2509090,Edgartown,MA,0.2350384192581541,0.0406809796445636,2019,290,8,36.25
2803090,Nettleton School District,MS,-0.1575400076134683,0.0280405692548685,2019,1188,12,99.0
406300,Phoenix Elementary District (4256),AZ,-0.3453952692766544,0.0196861791377481,2019,10659,11,969.0
2104380,Murray Independent,KY,0.6415261688315627,0.031383967341951,2019,1566,12,130.5
2627660,Paw Paw Public School District,MI,0.0193882089016737,0.0276862563929613,2019,1932,12,161.0
3904500,Warrensville Heights City,OH,-0.6131233583210027,0.0278397292190402,2019,1724,10,172.4
4213020,Lake-Lehman SD,PA,0.0893316266174229,0.0292645143862036,2019,1581,12,131.75
3404660,Elmwood Park School District,NJ,0.0939532039383894,0.0271509747829435,2019,2298,11,208.9090909090909
3413470,Prospect Park Public School District,NJ,-0.4751378097783709,0.0326330976109182,2019,1045,11,95.0
1909480,Dubuque Community School District,IA,-0.0201248751392146,0.0204044745882706,2019,9445,12,787.0833333333334
1740680,North Wamac SD 186,IL,-0.0793038929725174,0.054941704043892,2019,148,12,12.33333333333333
4700150,Millington Municipal Schools,TN,-0.2383142428650112,0.0270667297285706,2019,1924,11,174.9090909090909
1921840,Osage Community School District,IA,-0.1161788075973033,0.0381304351090115,2019,844,12,70.33333333333333
613290,Fairfax Elementary,CA,-0.6372198876951606,0.0239525195475266,2019,3491,12,290.9166666666667
2511970,Walpole,MA,0.6498894051096519,0.0240551008605472,2019,3463,12,288.5833333333333
3173740,Millard Public Schools,NE,0.4226907441390591,0.0144755579487121,2019,21316,12,1776.333333333333
5605700,Fremont County School District #24,WY,0.1315846895039344,0.0361223473634915,2019,390,12,32.5
100013,Trussville City,AL,0.4231948445756701,0.0236426422479858,2019,4391,12,365.9166666666667
1800900,Bremen Public Schools,IN,0.1582812439164056,0.0317189886844241,2019,1355,12,112.9166666666667
511610,Pocahontas School District,AR,-0.3301138967022091,0.0306030866014907,2019,1972,12,164.3333333333333
508640,Lakeside School Dist(Chicot),AR,-0.7520351850281148,0.0346286352221818,2019,998,12,83.16666666666667
4014730,Hodgen,OK,-0.334566566900128,0.0469847471058107,2019,256,12,21.33333333333333
2620610,Lake City Area School District,MI,-0.2213834682810695,0.0320003341659356,2019,1061,12,88.41666666666667
2006180,Fort Scott,KS,-0.2453450080310723,0.0275202718634425,2019,1738,12,144.8333333333333
2012180,Shawnee Heights,KS,0.1093999198390815,0.0225769188955875,2019,3303,12,275.25
2200780,Jackson Parish,LA,-0.5989782949320994,0.0273770012061119,2019,2104,12,175.3333333333333
4213320,Laurel Highlands SD,PA,-0.1465958856303732,0.0272761770910623,2019,2377,11,216.0909090909091
3171520,Hartington Newcastle Public Schools,NE,0.1092151808890612,0.0438104650874827,2019,302,12,25.16666666666667
3409750,Matawan-Aberdeen Regional School District,NJ,0.4362724411102163,0.0273625596853366,2019,3128,11,284.3636363636364
5500990,Belleville School District,WI,0.2896036199989429,0.0370857888874706,2019,741,11,67.36363636363636
3103060,Ansley Public Schools,NE,0.0588763667565191,0.050272347932684,2019,134,12,11.16666666666667
4826100,La Grange ISD,TX,-0.0757439577266081,0.0319281144796372,2019,1144,8,143.0
405530,Nogales Unified District (4457),AZ,-0.2056720785049626,0.0228473569722975,2019,5187,11,471.5454545454546
3411310,New Providence School District,NJ,1.006792181242159,0.0292546637753535,2019,2209,11,200.8181818181818
3904847,Buckeye Local,OH,0.3302476529397939,0.0268983718771115,2019,1786,10,178.6
1703990,Argenta-Oreana CUSD 1,IL,-0.1800464643046448,0.036244694255943,2019,795,12,66.25
4703600,Robertson County,TN,-0.173231776212547,0.0189269285349985,2019,9433,11,857.5454545454545
3417520,West Milford Township Public School District,NJ,0.2499871307253836,0.0254102046273383,2019,2716,11,246.9090909090909
3904708,Pike-Delta-York Local,OH,0.427413257823771,0.031113037447383,2019,1006,10,100.6
4028650,Stigler,OK,-0.0422758283037253,0.0283748279912514,2019,1149,12,95.75
